air_humidity_100,air_temperature_100,atm_pressure_main,num_of_resets,piezo_charge,piezo_temperature,chuva
38.0,31.366,9412.0,0.0,45123.0,30.0,0.0
39.0,31.366,9419.0,0.0,44923.0,31.0,0.0
39.0,31.322,9419.0,0.0,44825.0,31.0,0.0
38.0,31.24,9416.0,0.0,44728.0,31.0,0.0
39.0,30.828,9411.0,0.0,44632.0,30.0,0.0
39.0,30.686,9413.0,0.0,44441.0,30.0,0.0
40.0,30.63,9415.0,0.0,44347.0,30.0,0.0
41.0,30.588,9419.0,0.0,44251.0,30.0,0.0
41.0,30.474,9425.0,0.0,44156.0,30.0,0.0
44.0,30.332,9438.0,0.0,43968.0,30.0,0.0
44.0,30.474,9437.0,0.0,43778.0,30.0,0.0
44.0,30.516,9432.0,0.0,43682.0,30.0,0.0
44.0,30.346,9460.0,0.0,43581.0,30.0,0.0
30.0,34.502,9473.0,0.0,42402.0,35.0,0.0
20.0,39.018,9378.0,0.0,42084.0,38.0,0.0
22.0,37.91,9379.0,0.0,42033.0,39.0,0.0
32.0,30.884,9389.0,0.0,41799.0,31.0,0.0
34.0,30.276,9394.0,0.0,41708.0,28.0,0.0
39.0,28.49,9394.0,0.0,41621.0,27.0,0.0
39.0,27.98,9401.0,0.0,41539.0,26.0,0.0
57.0,22.626,9400.0,0.0,41395.0,22.0,0.0
62.0,22.922,9396.0,0.0,41330.0,21.0,0.0
66.0,20.67,9398.0,0.0,41267.0,20.0,0.0
61.0,22.116,9397.0,0.0,41204.0,20.0,0.0
70.0,20.358,9398.0,0.0,41142.0,20.0,0.0
69.0,19.862,9407.0,0.0,41023.0,19.0,0.0
62.0,22.356,9414.0,0.0,40964.0,18.0,0.0
39.0,30.108,9422.0,0.0,40891.0,24.0,0.0
28.0,34.518,9425.0,0.0,40789.0,32.0,0.0
23.0,37.684,9422.0,0.0,40533.0,40.0,0.0
19.0,40.396,9415.0,0.0,40391.0,42.0,0.0
17.0,42.156,9408.0,0.0,40235.0,45.0,0.0
16.0,42.52,9399.0,0.0,40075.0,46.0,0.0
16.0,41.984,9393.0,0.0,39915.0,45.0,0.0
18.0,39.868,9387.0,0.0,39760.0,44.0,0.0
18.0,39.968,9387.0,0.0,39622.0,41.0,0.0
23.0,35.74,9391.0,0.0,39495.0,38.0,0.0
29.0,31.566,9395.0,0.0,39392.0,32.0,0.0
31.0,30.134,9403.0,0.0,39302.0,28.0,0.0
33.0,29.48,9408.0,0.0,39217.0,27.0,0.0
44.0,25.386,9412.0,0.0,39137.0,25.0,0.0
53.0,23.774,9414.0,0.0,39064.0,23.0,0.0
46.0,25.132,9413.0,0.0,38994.0,22.0,0.0
62.0,21.872,9412.0,0.0,38925.0,22.0,0.0
59.0,22.172,9412.0,0.0,38861.0,21.0,0.0
67.0,21.066,9409.0,0.0,38797.0,21.0,0.0
69.0,20.302,9411.0,0.0,38735.0,20.0,0.0
58.0,22.612,9415.0,0.0,38672.0,20.0,0.0
67.0,20.512,9424.0,0.0,38610.0,20.0,0.0
64.0,22.368,9428.0,0.0,38550.0,19.0,0.0
47.0,28.634,9436.0,0.0,38479.0,23.0,0.0
29.0,33.51,9438.0,0.0,38381.0,31.0,0.0
25.0,37.37,9437.0,0.0,38261.0,36.0,0.0
22.0,40.452,9432.0,0.0,38119.0,42.0,0.0
21.0,40.664,9426.0,0.0,37967.0,44.0,0.0
17.0,41.7,9417.0,0.0,37808.0,45.0,0.0
14.0,42.506,9405.0,0.0,37655.0,44.0,0.0
13.0,42.65,9398.0,0.0,37499.0,45.0,0.0
15.0,40.848,9390.0,0.0,37352.0,42.0,0.0
17.0,38.804,9389.0,0.0,37213.0,41.0,0.0
23.0,35.312,9393.0,0.0,37088.0,38.0,0.0
31.0,30.176,9403.0,0.0,36986.0,31.0,0.0
31.0,29.766,9409.0,0.0,36897.0,28.0,0.0
58.0,27.88,9426.0,0.0,36807.0,28.0,0.0
59.0,26.024,9434.0,0.0,36722.0,26.0,0.0
64.0,23.59,9446.0,0.0,36644.0,24.0,0.0
66.0,21.928,9445.0,0.0,36576.0,21.0,0.0
70.0,20.868,9443.0,0.0,36511.0,20.0,0.0
72.0,20.174,9442.0,0.0,36450.0,19.0,0.0
74.0,19.62,9439.0,0.0,36392.0,18.0,0.0
75.0,19.168,9440.0,0.0,36335.0,18.0,0.0
77.0,18.502,9442.0,0.0,36280.0,17.0,0.0
77.0,18.292,9449.0,0.0,36226.0,17.0,0.0
72.0,19.452,9453.0,0.0,36172.0,17.0,0.0
64.0,21.56,9460.0,0.0,36109.0,20.0,0.0
54.0,24.79,9461.0,0.0,36035.0,24.0,0.0
49.0,26.804,9457.0,0.0,35945.0,28.0,0.0
43.0,29.438,9456.0,0.0,35840.0,33.0,0.0
38.0,32.29,9449.0,0.0,35722.0,36.0,0.0
36.0,33.282,9439.0,0.0,35593.0,39.0,0.0
34.0,34.786,9431.0,0.0,35457.0,40.0,0.0
33.0,35.354,9422.0,0.0,35321.0,40.0,0.0
33.0,35.51,9417.0,0.0,35187.0,40.0,0.0
35.0,34.7,9416.0,0.0,35061.0,38.0,0.0
43.0,31.408,9418.0,0.0,34949.0,34.0,0.0
53.0,28.222,9420.0,0.0,34858.0,29.0,0.0
60.0,26.38,9426.0,0.0,34776.0,26.0,0.0
63.0,24.89,9429.0,0.0,34701.0,24.0,0.0
66.0,23.688,9434.0,0.0,34630.0,23.0,0.0
69.0,22.582,9435.0,0.0,34562.0,22.0,0.0
72.0,21.532,9432.0,0.0,34498.0,20.0,0.0
74.0,20.658,9430.0,0.0,34436.0,19.0,0.0
75.0,20.048,9430.0,0.0,34377.0,19.0,0.0
77.0,19.508,9428.0,0.0,34320.0,18.0,0.0
77.0,19.24,9428.0,0.0,34263.0,18.0,0.0
80.0,18.732,9429.0,0.0,34208.0,17.0,0.0
78.0,18.788,9436.0,0.0,34154.0,17.0,0.0
76.0,19.976,9442.0,0.0,34100.0,17.0,0.0
60.0,23.912,9449.0,0.0,34036.0,20.0,0.0
54.0,26.224,9452.0,0.0,33956.0,25.0,0.0
46.0,29.822,9450.0,0.0,33857.0,31.0,0.0
38.0,33.99,9446.0,0.0,33737.0,37.0,0.0
34.0,35.838,9439.0,0.0,33601.0,40.0,0.0
30.0,37.71,9431.0,0.0,33460.0,41.0,0.0
29.0,38.094,9421.0,0.0,33315.0,42.0,0.0
26.0,39.728,9412.0,0.0,33171.0,42.0,0.0
28.0,37.286,9408.0,0.0,33033.0,40.0,0.0
30.0,36.874,9406.0,0.0,32906.0,38.0,0.0
39.0,32.556,9408.0,0.0,32792.0,35.0,0.0
47.0,27.824,9413.0,0.0,32700.0,29.0,0.0
54.0,26.42,9417.0,0.0,32621.0,25.0,0.0
61.0,25.26,9420.0,0.0,32545.0,24.0,0.0
65.0,24.156,9421.0,0.0,32473.0,23.0,0.0
69.0,23.046,9422.0,0.0,32404.0,22.0,0.0
68.0,23.106,9417.0,0.0,32337.0,21.0,0.0
68.0,22.948,9414.0,0.0,32272.0,21.0,0.0
72.0,21.944,9412.0,0.0,32207.0,21.0,0.0
78.0,20.67,9407.0,0.0,32146.0,19.0,0.0
83.0,19.664,9409.0,0.0,32086.0,19.0,0.0
85.0,19.324,9414.0,0.0,32030.0,17.0,0.0
83.0,19.96,9422.0,0.0,31975.0,17.0,0.0
80.0,21.418,9425.0,0.0,31917.0,18.0,0.0
61.0,27.044,9431.0,0.0,31846.0,22.0,0.0
43.0,32.602,9436.0,0.0,31750.0,31.0,0.0
36.0,36.262,9438.0,0.0,31631.0,37.0,0.0
30.0,37.742,9435.0,0.0,31490.0,41.0,0.0
27.0,39.358,9427.0,0.0,31337.0,44.0,0.0
21.0,41.956,9417.0,0.0,31173.0,46.0,0.0
20.0,42.664,9408.0,0.0,31008.0,47.0,0.0
19.0,41.644,9398.0,0.0,30843.0,46.0,0.0
20.0,40.38,9393.0,0.0,30691.0,43.0,0.0
19.0,40.38,9392.0,0.0,30546.0,42.0,0.0
28.0,35.878,9393.0,0.0,30415.0,39.0,0.0
32.0,31.82,9397.0,0.0,30311.0,32.0,0.0
43.0,28.9,9404.0,0.0,30220.0,28.0,0.0
50.0,27.614,9409.0,0.0,30138.0,26.0,0.0
58.0,25.288,9412.0,0.0,30061.0,25.0,0.0
55.0,25.642,9414.0,0.0,29986.0,24.0,0.0
57.0,24.962,9413.0,0.0,29914.0,23.0,0.0
50.0,26.152,9411.0,0.0,29843.0,23.0,0.0
58.0,24.086,9409.0,0.0,29771.0,23.0,0.0
60.0,24.126,9406.0,0.0,29697.0,23.0,0.0
59.0,24.352,9407.0,0.0,29626.0,23.0,0.0
57.0,24.75,9409.0,0.0,29555.0,23.0,0.0
66.0,22.626,9419.0,0.0,29485.0,22.0,0.0
80.0,22.368,9432.0,0.0,29402.0,21.0,0.0
64.0,25.742,9430.0,0.0,29334.0,22.0,0.0
56.0,27.992,9433.0,0.0,29255.0,25.0,0.0
36.0,33.908,9438.0,0.0,29162.0,29.0,0.0
29.0,36.762,9439.0,0.0,29035.0,38.0,0.0
22.0,39.67,9435.0,0.0,28890.0,43.0,0.0
21.0,41.134,9424.0,0.0,28729.0,46.0,0.0
20.0,42.124,9414.0,0.0,28566.0,46.0,0.0
22.0,40.396,9405.0,0.0,28408.0,45.0,0.0
23.0,40.634,9398.0,0.0,28260.0,43.0,0.0
24.0,38.406,9397.0,0.0,28121.0,41.0,0.0
30.0,35.172,9401.0,0.0,27998.0,37.0,0.0
41.0,29.792,9406.0,0.0,27896.0,31.0,0.0
40.0,30.134,9413.0,0.0,27809.0,28.0,0.0
46.0,28.304,9421.0,0.0,27721.0,28.0,0.0
56.0,26.28,9444.0,0.0,27640.0,26.0,0.0
81.0,22.794,9467.0,0.0,27546.0,24.0,0.0
84.0,22.014,9446.0,0.0,27472.0,22.0,0.0
85.0,21.066,9442.0,0.0,27407.0,21.0,0.0
85.0,20.658,9441.0,0.0,27347.0,19.0,0.0
86.0,20.526,9433.0,0.0,27287.0,19.0,0.0
83.0,20.74,9425.0,0.0,27228.0,19.0,0.0
84.0,20.414,9423.0,0.0,27168.0,19.0,0.0
88.0,19.776,9421.0,0.0,27110.0,18.0,0.0
82.0,21.362,9426.0,0.0,27053.0,18.0,0.0
62.0,25.742,9429.0,0.0,26984.0,22.0,0.0
48.0,29.766,9432.0,0.0,26897.0,28.0,0.0
43.0,31.084,9430.0,0.0,26793.0,32.0,0.0
36.0,35.14,9437.0,0.0,26681.0,34.0,0.0
29.0,38.664,9429.0,0.0,26544.0,41.0,0.0
35.0,35.27,9424.0,0.0,26409.0,40.0,0.0
40.0,34.02,9414.0,0.0,26284.0,38.0,0.0
43.0,32.104,9404.0,0.0,26162.0,37.0,0.0
49.0,31.098,9401.0,0.0,26052.0,34.0,0.0
54.0,29.51,9402.0,0.0,25950.0,31.0,0.0
57.0,28.248,9405.0,0.0,25858.0,28.0,0.0
60.0,26.208,9408.0,0.0,25777.0,26.0,0.0
61.0,25.542,9412.0,0.0,25701.0,24.0,0.0
65.0,24.678,9417.0,0.0,25628.0,24.0,0.0
68.0,23.83,9418.0,0.0,25557.0,23.0,0.0
72.0,23.08,9420.0,0.0,25488.0,22.0,0.0
74.0,22.524,9417.0,0.0,25421.0,21.0,0.0
74.0,22.356,9413.0,0.0,25355.0,21.0,0.0
76.0,21.734,9409.0,0.0,25290.0,21.0,0.0
77.0,21.56,9402.0,0.0,25227.0,20.0,0.0
79.0,21.036,9394.0,0.0,25165.0,20.0,0.0
80.0,21.094,9391.0,0.0,25104.0,20.0,0.0
82.0,20.966,9387.0,0.0,25043.0,20.0,0.0
89.0,20.628,9394.0,0.0,24975.0,20.0,0.0
93.0,19.946,9417.0,0.0,24835.0,19.0,0.0
89.0,21.802,9408.0,0.0,24677.0,19.0,0.0
88.0,21.97,9417.0,0.0,24607.0,22.0,0.0
69.0,26.024,9416.0,0.0,24524.0,26.0,0.0
61.0,28.166,9412.0,0.0,24422.0,32.0,0.0
55.0,29.568,9404.0,0.0,24314.0,33.0,0.0
54.0,30.302,9404.0,0.0,24200.0,35.0,0.0
60.0,27.072,9404.0,0.0,24098.0,31.0,0.0
57.0,25.36,9406.0,0.0,24009.0,28.0,0.0
58.0,24.422,9418.0,0.0,23930.0,25.0,0.0
58.0,22.878,9425.0,0.0,23854.0,24.0,0.0
64.0,21.56,9428.0,0.0,23787.0,21.0,0.0
70.0,20.512,9435.0,0.0,23727.0,19.0,0.0
75.0,19.126,9438.0,0.0,23668.0,18.0,0.0
79.0,18.024,9434.0,0.0,23616.0,16.0,0.0
90.0,16.226,9440.0,0.0,23565.0,15.0,0.0
92.0,15.716,9437.0,0.0,23517.0,14.0,0.0
90.0,16.27,9433.0,0.0,23470.0,14.0,0.0
81.0,16.72,9430.0,0.0,23422.0,15.0,0.0
85.0,15.392,9434.0,0.0,23376.0,13.0,0.0
89.0,14.146,9433.0,0.0,23331.0,13.0,0.0
91.0,13.58,9441.0,0.0,23288.0,12.0,0.0
92.0,13.894,9449.0,0.0,23246.0,12.0,0.0
84.0,16.31,9457.0,0.0,23201.0,13.0,0.0
62.0,21.516,9458.0,0.0,23148.0,17.0,0.0
47.0,23.674,9460.0,0.0,23074.0,24.0,0.0
33.0,25.472,9459.0,0.0,22984.0,29.0,0.0
20.0,27.538,9456.0,0.0,22881.0,32.0,0.0
19.0,29.312,9451.0,0.0,22765.0,35.0,0.0
18.0,30.22,9441.0,0.0,22640.0,38.0,0.0
16.0,31.168,9432.0,0.0,22512.0,38.0,0.0
15.0,32.474,9425.0,0.0,22383.0,38.0,0.0
18.0,30.588,9418.0,0.0,22260.0,37.0,0.0
20.0,30.108,9417.0,0.0,22148.0,34.0,0.0
24.0,26.748,9422.0,0.0,22052.0,30.0,0.0
34.0,21.036,9425.0,0.0,21980.0,23.0,0.0
46.0,18.178,9428.0,0.0,21924.0,17.0,0.0
47.0,17.768,9428.0,0.0,21872.0,16.0,0.0
49.0,17.738,9432.0,0.0,21823.0,15.0,0.0
59.0,16.154,9430.0,0.0,21775.0,14.0,0.0
65.0,15.688,9432.0,0.0,21729.0,14.0,0.0
70.0,15.308,9433.0,0.0,21683.0,13.0,0.0
68.0,16.664,9435.0,0.0,21636.0,14.0,0.0
58.0,17.458,9436.0,0.0,21586.0,15.0,0.0
58.0,17.13,9441.0,0.0,21536.0,15.0,0.0
63.0,16.098,9448.0,0.0,21487.0,14.0,0.0
70.0,15.902,9455.0,0.0,21441.0,14.0,0.0
64.0,16.78,9468.0,0.0,21394.0,14.0,0.0
57.0,20.358,9473.0,0.0,21339.0,17.0,0.0
48.0,22.754,9476.0,0.0,21270.0,22.0,0.0
42.0,25.26,9473.0,0.0,21184.0,27.0,0.0
36.0,26.916,9470.0,0.0,21085.0,31.0,0.0
30.0,29.792,9467.0,0.0,20972.0,35.0,0.0
26.0,33.098,9460.0,0.0,20843.0,39.0,0.0
25.0,33.012,9450.0,0.0,20710.0,39.0,0.0
24.0,33.638,9441.0,0.0,20574.0,40.0,0.0
27.0,32.444,9436.0,0.0,20447.0,38.0,0.0
28.0,30.756,9435.0,0.0,20332.0,35.0,0.0
31.0,28.136,9436.0,0.0,20234.0,30.0,0.0
41.0,23.558,9444.0,0.0,20157.0,25.0,0.0
40.0,24.054,9446.0,0.0,20091.0,21.0,0.0
48.0,22.172,9449.0,0.0,20027.0,20.0,0.0
60.0,19.424,9454.0,0.0,19966.0,19.0,0.0
64.0,19.168,9456.0,0.0,19910.0,17.0,0.0
56.0,20.4,9454.0,0.0,19854.0,17.0,0.0
59.0,19.396,9453.0,0.0,19798.0,18.0,0.0
68.0,17.514,9450.0,0.0,19744.0,17.0,0.0
64.0,18.69,9452.0,0.0,19692.0,16.0,0.0
68.0,18.364,9456.0,0.0,19641.0,16.0,0.0
71.0,17.712,9459.0,0.0,19591.0,15.0,0.0
72.0,17.386,9465.0,0.0,19541.0,15.0,0.0
63.0,20.16,9475.0,0.0,19489.0,16.0,0.0
55.0,23.178,9477.0,0.0,19426.0,20.0,0.0
50.0,24.61,9477.0,0.0,19348.0,25.0,0.0
43.0,27.64,9476.0,0.0,19254.0,30.0,0.0
35.0,31.934,9473.0,0.0,19139.0,35.0,0.0
26.0,34.546,9469.0,0.0,19006.0,40.0,0.0
23.0,35.864,9458.0,0.0,18873.0,40.0,0.0
22.0,36.322,9445.0,0.0,18732.0,41.0,0.0
22.0,36.234,9433.0,0.0,18590.0,41.0,0.0
24.0,35.328,9426.0,0.0,18460.0,39.0,0.0
27.0,33.51,9425.0,0.0,18339.0,36.0,0.0
32.0,30.714,9429.0,0.0,18233.0,33.0,0.0
42.0,26.264,9429.0,0.0,18147.0,27.0,0.0
50.0,23.688,9437.0,0.0,18075.0,23.0,0.0
56.0,22.612,9441.0,0.0,18009.0,21.0,0.0
63.0,21.022,9443.0,0.0,17945.0,20.0,0.0
62.0,21.25,9440.0,0.0,17885.0,19.0,0.0
69.0,19.154,9440.0,0.0,17826.0,18.0,0.0
67.0,19.734,9436.0,0.0,17769.0,18.0,0.0
73.0,18.39,9433.0,0.0,17714.0,17.0,0.0
68.0,19.098,9428.0,0.0,17660.0,17.0,0.0
69.0,18.718,9429.0,0.0,17605.0,17.0,0.0
74.0,17.372,9432.0,0.0,17552.0,17.0,0.0
71.0,18.15,9436.0,0.0,17501.0,15.0,0.0
67.0,21.094,9442.0,0.0,17448.0,16.0,0.0
45.0,26.93,9448.0,0.0,17381.0,21.0,0.0
36.0,29.694,9452.0,0.0,17291.0,28.0,0.0
32.0,30.332,9453.0,0.0,17186.0,32.0,0.0
30.0,33.21,9449.0,0.0,17078.0,33.0,0.0
28.0,34.818,9441.0,0.0,16950.0,39.0,0.0
33.0,32.4,9433.0,1.0,65531.0,35.0,0.0
30.0,34.5,9426.0,1.0,65431.0,33.0,0.0
33.0,32.62,9419.0,1.0,65322.0,34.0,0.0
34.0,32.46,9416.0,1.0,65214.0,33.0,0.0
38.0,30.6,9416.0,1.0,65112.0,32.0,0.0
46.0,27.58,9416.0,1.0,65021.0,29.0,0.0
53.0,25.58,9420.0,1.0,64941.0,25.0,0.0
53.0,25.28,9425.0,1.0,64867.0,24.0,0.0
57.0,24.4,9429.0,1.0,64796.0,23.0,0.0
61.0,23.42,9431.0,1.0,64726.0,22.0,0.0
68.0,21.78,9428.0,1.0,64661.0,21.0,0.0
73.0,20.56,9424.0,1.0,64599.0,20.0,0.0
81.0,18.54,9422.0,1.0,64541.0,18.0,0.0
85.0,18.62,9418.0,1.0,64486.0,17.0,0.0
86.0,18.68,9410.0,1.0,64432.0,17.0,0.0
87.0,18.02,9409.0,1.0,64380.0,16.0,0.0
87.0,17.86,9414.0,1.0,64328.0,16.0,0.0
84.0,18.16,9418.0,1.0,64276.0,16.0,0.0
74.0,21.92,9429.0,1.0,64224.0,16.0,0.0
58.0,26.84,9439.0,1.0,64154.0,22.0,0.0
32.0,33.58,9440.0,1.0,64060.0,30.0,0.0
30.0,34.76,9441.0,1.0,63940.0,36.0,0.0
29.0,36.66,9434.0,1.0,63814.0,38.0,0.0
26.0,37.12,9425.0,1.0,63676.0,41.0,0.0
24.0,38.16,9413.0,1.0,63532.0,42.0,0.0
24.0,39.38,9405.0,1.0,63382.0,43.0,0.0
25.0,38.92,9397.0,1.0,63235.0,43.0,0.0
28.0,36.46,9396.0,1.0,63103.0,39.0,0.0
32.0,34.16,9390.0,1.0,62985.0,36.0,0.0
40.0,31.68,9395.0,1.0,62880.0,33.0,0.0
50.0,27.34,9403.0,1.0,62790.0,28.0,0.0
62.0,24.46,9420.0,1.0,62700.0,25.0,0.0
63.0,23.58,9434.0,1.0,62613.0,23.0,0.0
75.0,21.4,9469.0,1.0,62505.0,21.0,0.0
92.0,18.42,9487.0,1.0,61916.0,18.0,0.0
92.0,18.46,9470.0,1.0,61671.0,17.0,0.0
91.0,18.42,9453.0,1.0,61610.0,17.0,0.0
91.0,18.26,9445.0,1.0,61550.0,17.0,0.0
91.0,18.28,9452.0,1.0,61478.0,17.0,0.0
92.0,18.22,9444.0,1.0,61423.0,17.0,0.0
97.0,17.88,9458.0,1.0,61369.0,17.0,0.0
97.0,17.5,9464.0,1.0,61315.0,17.0,0.0
96.0,18.06,9464.0,1.0,61262.0,17.0,0.0
87.0,19.7,9465.0,1.0,61206.0,18.0,0.0
88.0,19.8,9483.0,1.0,61147.0,19.0,0.0
86.0,20.96,9481.0,1.0,61082.0,20.0,0.0
83.0,21.84,9482.0,1.0,61015.0,21.0,0.0
87.0,20.62,9480.0,1.0,60939.0,21.0,0.0
78.0,22.84,9474.0,1.0,60867.0,23.0,0.0
76.0,23.16,9468.0,1.0,60793.0,23.0,0.0
79.0,21.66,9471.0,1.0,60721.0,23.0,0.0
82.0,21.28,9468.0,1.0,60654.0,21.0,0.0
82.0,21.22,9465.0,1.0,60589.0,21.0,0.0
84.0,20.92,9467.0,1.0,60525.0,20.0,0.0
86.0,20.32,9468.0,1.0,60464.0,19.0,0.0
92.0,19.44,9472.0,1.0,60406.0,18.0,0.0
93.0,19.44,9477.0,1.0,60349.0,18.0,0.0
93.0,19.02,9483.0,1.0,60293.0,18.0,0.0
93.0,19.2,9485.0,1.0,60238.0,17.0,0.0
95.0,18.42,9484.0,1.0,60182.0,17.0,0.0
96.0,18.12,9480.0,1.0,60128.0,17.0,0.0
96.0,17.54,9477.0,1.0,60075.0,17.0,0.0
94.0,18.26,9473.0,1.0,60022.0,17.0,0.0
92.0,18.72,9476.0,1.0,59968.0,17.0,0.0
90.0,18.98,9481.0,1.0,59913.0,18.0,0.0
90.0,18.72,9487.0,1.0,59857.0,18.0,0.0
86.0,19.42,9492.0,1.0,59802.0,17.0,0.0
79.0,20.32,9499.0,1.0,59740.0,19.0,0.0
71.0,21.8,9501.0,1.0,59672.0,22.0,0.0
73.0,21.06,9506.0,1.0,59601.0,22.0,0.0
66.0,22.66,9507.0,1.0,59528.0,23.0,0.0
57.0,25.34,9501.0,1.0,59442.0,27.0,0.0
52.0,27.22,9492.0,1.0,59338.0,32.0,0.0
46.0,29.24,9483.0,1.0,59221.0,36.0,0.0
47.0,29.08,9475.0,1.0,59106.0,35.0,0.0
51.0,26.76,9471.0,1.0,59003.0,32.0,0.0
56.0,25.1,9471.0,1.0,58917.0,27.0,0.0
58.0,24.34,9473.0,1.0,58841.0,24.0,0.0
63.0,22.66,9474.0,1.0,58770.0,23.0,0.0
64.0,21.86,9478.0,1.0,58706.0,20.0,0.0
66.0,21.06,9479.0,1.0,58641.0,20.0,0.0
65.0,20.8,9482.0,1.0,58582.0,19.0,0.0
67.0,20.34,9485.0,1.0,58523.0,19.0,0.0
69.0,19.6,9484.0,1.0,58465.0,18.0,0.0
72.0,18.38,9480.0,1.0,58410.0,17.0,0.0
76.0,17.42,9477.0,1.0,58357.0,16.0,0.0
77.0,16.12,9472.0,1.0,58308.0,15.0,0.0
77.0,15.36,9470.0,1.0,58261.0,14.0,0.0
79.0,14.64,9476.0,1.0,58216.0,13.0,0.0
81.0,14.06,9480.0,1.0,58173.0,12.0,0.0
69.0,16.88,9488.0,1.0,58129.0,12.0,0.0
58.0,18.68,9492.0,1.0,58074.0,17.0,0.0
53.0,20.92,9495.0,1.0,58006.0,21.0,0.0
46.0,23.46,9492.0,1.0,57925.0,26.0,0.0
40.0,26.1,9488.0,1.0,57828.0,30.0,0.0
38.0,27.88,9480.0,1.0,57718.0,34.0,0.0
38.0,27.86,9471.0,1.0,57601.0,36.0,0.0
35.0,29.48,9461.0,1.0,57496.0,32.0,0.0
37.0,28.84,9451.0,1.0,57377.0,36.0,0.0
36.0,29.42,9441.0,1.0,57270.0,33.0,0.0
39.0,28.08,9441.0,1.0,57167.0,32.0,0.0
45.0,25.18,9442.0,1.0,57077.0,29.0,0.0
52.0,23.06,9445.0,1.0,57005.0,22.0,0.0
57.0,21.56,9446.0,1.0,56942.0,20.0,0.0
61.0,20.1,9448.0,1.0,56882.0,19.0,0.0
53.0,21.08,9450.0,1.0,56824.0,18.0,0.0
51.0,21.34,9453.0,1.0,56765.0,19.0,0.0
58.0,20.34,9453.0,1.0,56704.0,19.0,0.0
62.0,19.46,9450.0,1.0,56646.0,18.0,0.0
65.0,18.32,9447.0,1.0,56591.0,17.0,0.0
70.0,17.14,9442.0,1.0,56539.0,16.0,0.0
72.0,16.5,9441.0,1.0,56488.0,15.0,0.0
72.0,15.84,9444.0,1.0,56439.0,15.0,0.0
73.0,15.46,9448.0,1.0,56392.0,14.0,0.0
70.0,16.14,9448.0,1.0,56344.0,14.0,0.0
58.0,19.62,9452.0,1.0,56291.0,16.0,0.0
49.0,22.9,9455.0,1.0,56220.0,22.0,0.0
42.0,25.08,9451.0,1.0,56135.0,27.0,0.6
36.0,28.22,9447.0,1.0,56034.0,32.0,0.0
30.0,30.04,9442.0,1.0,55919.0,35.0,0.0
29.0,32.18,9435.0,1.0,55800.0,36.0,0.0
33.0,30.52,9426.0,1.0,55678.0,37.0,0.0
35.0,30.16,9420.0,1.0,55561.0,35.0,0.0
35.0,30.4,9413.0,1.0,55457.0,32.0,0.0
34.0,29.98,9410.0,1.0,55352.0,32.0,0.0
41.0,27.44,9411.0,1.0,55256.0,30.0,0.0
57.0,23.14,9416.0,1.0,55181.0,24.0,0.0
61.0,21.82,9420.0,1.0,55116.0,21.0,0.0
62.0,21.46,9425.0,1.0,55054.0,20.0,0.0
66.0,20.58,9427.0,1.0,54993.0,19.0,0.0
64.0,21.18,9429.0,1.0,54934.0,19.0,0.0
67.0,20.82,9426.0,1.0,54875.0,19.0,0.0
71.0,20.56,9420.0,1.0,54816.0,19.0,0.0
74.0,19.76,9416.0,1.0,54758.0,18.0,0.0
77.0,19.14,9416.0,1.0,54703.0,17.0,0.0
79.0,18.6,9419.0,1.0,54648.0,17.0,0.0
82.0,17.96,9425.0,1.0,54595.0,17.0,0.0
85.0,17.38,9431.0,1.0,54543.0,16.0,0.0
75.0,19.98,9435.0,1.0,54490.0,16.0,0.0
62.0,23.12,9439.0,1.0,54425.0,21.0,0.0
54.0,25.54,9442.0,1.0,54343.0,26.0,0.0
45.0,29.16,9438.0,1.0,54245.0,31.0,0.0
44.0,29.86,9439.0,1.0,54131.0,35.0,0.0
41.0,31.84,9434.0,1.0,54008.0,37.0,0.0
38.0,33.48,9427.0,1.0,53877.0,39.0,0.0
34.0,35.24,9416.0,1.0,53738.0,41.0,0.0
32.0,35.24,9409.0,1.0,53604.0,40.0,0.0
29.0,34.2,9400.0,1.0,53472.0,39.0,0.0
30.0,34.12,9397.0,1.0,53353.0,36.0,0.0
38.0,29.66,9401.0,1.0,53246.0,33.0,0.0
38.0,27.24,9409.0,1.0,53161.0,27.0,0.0
55.0,24.96,9417.0,1.0,53085.0,25.0,0.0
65.0,23.62,9429.0,1.0,53014.0,23.0,0.0
71.0,22.76,9438.0,1.0,52946.0,22.0,0.0
78.0,21.1,9444.0,1.0,52882.0,20.0,0.0
80.0,21.16,9441.0,1.0,52822.0,19.0,0.0
81.0,20.88,9440.0,1.0,52763.0,19.0,0.0
78.0,21.0,9437.0,1.0,52704.0,19.0,0.0
78.0,20.66,9434.0,1.0,52644.0,19.0,0.0
81.0,20.04,9437.0,1.0,52586.0,18.0,0.0
83.0,19.96,9442.0,1.0,52528.0,18.0,0.0
81.0,20.34,9448.0,1.0,52471.0,18.0,0.0
75.0,22.78,9456.0,1.0,52412.0,19.0,0.0
66.0,25.14,9463.0,1.0,52340.0,23.0,0.0
62.0,26.48,9467.0,1.0,52254.0,27.0,0.0
54.0,28.7,9466.0,1.0,52154.0,32.0,0.0
47.0,30.54,9463.0,1.0,52042.0,34.0,0.0
38.0,33.32,9457.0,1.0,51914.0,38.0,0.0
35.0,34.32,9449.0,1.0,51776.0,41.0,0.0
33.0,34.6,9438.0,1.0,51640.0,40.0,0.0
31.0,35.44,9427.0,1.0,51493.0,43.0,0.0
33.0,34.12,9419.0,1.0,51351.0,41.0,0.0
33.0,33.32,9418.0,1.0,51227.0,37.0,0.0
38.0,30.5,9420.0,1.0,51118.0,33.0,0.0
53.0,26.42,9432.0,1.0,51031.0,28.0,0.0
62.0,24.66,9439.0,1.0,50955.0,24.0,0.0
65.0,24.1,9448.0,1.0,50884.0,23.0,0.0
63.0,24.1,9460.0,1.0,50815.0,22.0,0.0
68.0,22.82,9454.0,1.0,50748.0,22.0,0.0
71.0,22.14,9458.0,1.0,50684.0,20.0,0.0
82.0,20.26,9456.0,1.0,50623.0,20.0,0.0
72.0,22.34,9454.0,1.0,50562.0,19.0,0.0
79.0,21.34,9453.0,1.0,50500.0,20.0,0.0
80.0,21.12,9458.0,1.0,50439.0,19.0,0.0
86.0,20.44,9462.0,1.0,50379.0,19.0,0.0
88.0,20.08,9468.0,1.0,50320.0,18.0,0.0
74.0,23.36,9476.0,1.0,50262.0,18.0,0.6
64.0,25.82,9477.0,1.0,50190.0,23.0,0.2
52.0,28.86,9480.0,1.0,50097.0,29.0,0.0
49.0,30.06,9479.0,1.0,49990.0,33.0,0.0
40.0,32.62,9475.0,1.0,49869.0,37.0,0.0
35.0,33.86,9471.0,1.0,49731.0,41.0,0.0
36.0,33.22,9466.0,1.0,49584.0,43.0,0.0
35.0,34.22,9457.0,1.0,49451.0,39.0,0.0
30.0,35.28,9447.0,1.0,49310.0,41.0,0.0
31.0,34.72,9437.0,1.0,49168.0,41.0,0.0
35.0,33.66,9433.0,1.0,49041.0,38.0,0.0
38.0,31.96,9435.0,1.0,48929.0,34.0,0.0
49.0,26.66,9447.0,1.0,48835.0,29.0,0.0
51.0,25.34,9454.0,1.0,48759.0,24.0,0.0
52.0,24.96,9459.0,1.0,48688.0,23.0,0.0
57.0,24.42,9466.0,1.0,48617.0,23.0,0.0
66.0,23.5,9473.0,1.0,48549.0,22.0,0.0
68.0,22.7,9470.0,1.0,48482.0,21.0,1.0
72.0,21.72,9466.0,1.0,48418.0,20.0,0.2
74.0,20.8,9467.0,1.0,48356.0,20.0,0.0
73.0,19.9,9464.0,1.0,48297.0,19.0,0.0
73.0,18.8,9465.0,1.0,48241.0,18.0,0.0
74.0,18.22,9471.0,1.0,48188.0,17.0,0.0
75.0,17.7,9478.0,1.0,48136.0,16.0,0.0
66.0,20.2,9482.0,1.0,48082.0,17.0,0.0
60.0,22.3,9486.0,1.0,48017.0,21.0,0.0
52.0,25.14,9485.0,1.0,47938.0,25.0,0.0
44.0,27.96,9483.0,1.0,47844.0,29.0,0.0
41.0,29.12,9478.0,1.0,47737.0,33.0,0.0
34.0,32.22,9471.0,1.0,47617.0,37.0,0.0
33.0,32.54,9466.0,1.0,47482.0,40.0,0.0
27.0,33.54,9456.0,1.0,47344.0,41.0,0.0
26.0,34.4,9446.0,1.0,47205.0,41.0,0.0
29.0,32.98,9437.0,1.0,47072.0,39.0,0.0
31.0,32.6,9434.0,1.0,46950.0,37.0,0.0
32.0,30.98,9433.0,1.0,46842.0,33.0,0.0
40.0,26.94,9436.0,1.0,46753.0,28.0,0.0
47.0,25.3,9443.0,1.0,46678.0,24.0,0.0
48.0,25.06,9451.0,1.0,46608.0,22.0,0.0
51.0,23.9,9457.0,1.0,46537.0,22.0,0.0
54.0,23.56,9465.0,1.0,46470.0,22.0,0.0
58.0,22.62,9466.0,1.0,46403.0,21.0,0.0
63.0,21.88,9465.0,1.0,46340.0,20.0,0.0
69.0,20.72,9459.0,1.0,46278.0,19.0,0.0
73.0,19.9,9456.0,1.0,46220.0,18.0,0.0
75.0,19.08,9455.0,1.0,46164.0,18.0,0.0
79.0,17.9,9462.0,1.0,46111.0,16.0,0.0
79.0,17.66,9461.0,1.0,46060.0,16.0,0.0
67.0,20.68,9464.0,1.0,46006.0,17.0,0.0
56.0,23.8,9464.0,1.0,45940.0,22.0,0.0
49.0,25.88,9465.0,1.0,45857.0,26.0,0.0
45.0,27.88,9459.0,1.0,45760.0,31.0,0.0
44.0,29.26,9452.0,1.0,45651.0,34.0,0.0
39.0,31.72,9450.0,1.0,45533.0,36.0,0.0
35.0,33.92,9441.0,1.0,45402.0,39.0,0.0
33.0,35.2,9427.0,1.0,45265.0,40.0,0.0
33.0,34.62,9412.0,1.0,45125.0,41.0,0.0
64.0,25.92,9408.0,1.0,45000.0,33.0,0.0
79.0,22.96,9420.0,1.0,44912.0,23.0,0.0
82.0,22.62,9418.0,1.0,44785.0,21.0,0.0
75.0,22.64,9419.0,1.0,44719.0,21.0,0.0
78.0,22.12,9420.0,1.0,44655.0,21.0,0.0
82.0,20.96,9426.0,1.0,44593.0,19.0,0.0
83.0,21.32,9430.0,1.0,44532.0,19.0,0.0
85.0,20.54,9427.0,1.0,44472.0,19.0,0.0
86.0,20.44,9425.0,1.0,44413.0,19.0,0.0
85.0,20.52,9423.0,1.0,44354.0,19.0,0.0
82.0,20.72,9426.0,1.0,44295.0,19.0,0.0
84.0,20.34,9422.0,1.0,44235.0,19.0,0.0
85.0,20.3,9425.0,1.0,44175.0,19.0,0.0
86.0,19.9,9427.0,1.0,44117.0,18.0,0.0
89.0,19.46,9430.0,1.0,44060.0,18.0,0.0
76.0,22.62,9436.0,1.0,44001.0,19.0,0.0
66.0,25.56,9439.0,1.0,43929.0,23.0,0.0
61.0,26.54,9441.0,1.0,43842.0,27.0,0.0
57.0,27.46,9438.0,1.0,43746.0,30.0,0.0
55.0,27.82,9433.0,1.0,43647.0,31.0,0.0
48.0,30.6,9428.0,1.0,43543.0,32.0,0.0
41.0,33.24,9423.0,1.0,43432.0,34.0,0.0
32.0,36.62,9407.0,1.0,43296.0,41.0,0.0
33.0,34.78,9389.0,1.0,43155.0,41.0,0.0
38.0,32.86,9386.0,1.0,43030.0,37.0,0.0
34.0,33.12,9386.0,1.0,42916.0,35.0,0.0
65.0,26.08,9392.0,1.0,42822.0,29.0,0.0
73.0,23.74,9397.0,1.0,42746.0,24.0,0.0
75.0,22.94,9405.0,1.0,42678.0,22.0,0.0
77.0,22.8,9410.0,1.0,42611.0,21.0,0.0
78.0,22.5,9412.0,1.0,42546.0,21.0,0.0
79.0,22.42,9413.0,1.0,42479.0,21.0,0.0
80.0,20.88,9411.0,1.0,42416.0,20.0,0.0
77.0,21.36,9404.0,1.0,42356.0,19.0,0.0
79.0,20.84,9401.0,1.0,42296.0,19.0,0.0
79.0,20.68,9398.0,1.0,42237.0,19.0,0.0
81.0,20.16,9401.0,1.0,42179.0,18.0,0.0
85.0,19.44,9407.0,1.0,42123.0,17.0,0.0
89.0,18.92,9410.0,1.0,42070.0,17.0,0.0
82.0,21.04,9420.0,1.0,42013.0,18.0,0.0
75.0,23.78,9422.0,1.0,41945.0,22.0,0.0
65.0,26.46,9422.0,1.0,41860.0,27.0,0.0
57.0,28.86,9421.0,1.0,41766.0,30.0,0.0
48.0,31.58,9421.0,1.0,41665.0,32.0,0.0
46.0,32.56,9413.0,1.0,41550.0,35.0,0.0
43.0,32.68,9403.0,1.0,41424.0,38.0,0.0
33.0,36.64,9389.0,1.0,41289.0,40.0,0.0
29.0,36.26,9375.0,1.0,41158.0,39.0,0.0
56.0,26.86,9378.0,1.0,41046.0,34.0,0.0
45.0,29.72,9375.0,1.0,40950.0,30.0,0.0
46.0,29.72,9375.0,1.0,40852.0,31.0,0.0
55.0,25.6,9379.0,1.0,40767.0,27.0,0.0
59.0,24.46,9385.0,1.0,40695.0,23.0,0.0
61.0,24.24,9389.0,1.0,40626.0,22.0,0.0
63.0,24.06,9395.0,1.0,40557.0,22.0,0.0
61.0,24.44,9393.0,1.0,40484.0,23.0,0.0
62.0,24.32,9391.0,1.0,40414.0,23.0,0.0
65.0,23.32,9395.0,1.0,40345.0,22.0,0.0
69.0,22.48,9388.0,1.0,40279.0,21.0,0.0
72.0,21.6,9387.0,1.0,40215.0,20.0,0.0
77.0,20.92,9388.0,1.0,40154.0,20.0,0.0
82.0,20.06,9390.0,1.0,40094.0,19.0,0.0
84.0,19.92,9391.0,1.0,40036.0,19.0,0.0
77.0,21.46,9403.0,1.0,39976.0,19.0,0.0
72.0,22.1,9409.0,1.0,39909.0,21.0,0.0
67.0,22.34,9412.0,1.0,39839.0,22.0,0.0
69.0,22.08,9417.0,1.0,39770.0,22.0,0.0
70.0,22.3,9430.0,1.0,39698.0,21.0,0.0
92.0,18.36,9443.0,1.0,39578.0,19.0,0.0
90.0,19.2,9405.0,1.0,39478.0,18.0,0.0
87.0,20.3,9393.0,1.0,39416.0,20.0,0.0
77.0,22.56,9387.0,1.0,39348.0,22.0,0.0
72.0,23.56,9382.0,1.0,39273.0,24.0,0.0
66.0,24.84,9379.0,1.0,39195.0,25.0,0.0
76.0,22.52,9384.0,1.0,39117.0,25.0,0.0
79.0,21.54,9392.0,1.0,39050.0,21.0,0.0
87.0,19.54,9398.0,1.0,38988.0,19.0,0.0
92.0,18.62,9400.0,1.0,38933.0,17.0,0.0
94.0,17.86,9403.0,1.0,38880.0,17.0,0.0
95.0,17.84,9404.0,1.0,38827.0,16.0,0.0
96.0,18.2,9398.0,1.0,38774.0,17.0,0.0
96.0,18.36,9391.0,1.0,38720.0,17.0,0.0
97.0,17.82,9384.0,1.0,38666.0,17.0,0.0
98.0,17.26,9383.0,1.0,38614.0,16.0,0.0
99.0,16.9,9381.0,1.0,38563.0,16.0,0.0
97.0,17.16,9386.0,1.0,38511.0,16.0,0.0
96.0,16.9,9390.0,1.0,38460.0,16.0,0.0
86.0,19.58,9396.0,1.0,38408.0,16.0,0.0
76.0,22.2,9399.0,1.0,38347.0,20.0,0.0
59.0,24.16,9400.0,1.0,38272.0,24.0,0.0
44.0,26.4,9401.0,1.0,38182.0,29.0,0.0
37.0,27.92,9395.0,1.0,38078.0,32.0,0.0
32.0,30.46,9387.0,1.0,37966.0,35.0,0.0
29.0,30.84,9380.0,1.0,37845.0,37.0,0.0
29.0,31.46,9369.0,1.0,37722.0,37.0,0.0
27.0,32.64,9358.0,1.0,37600.0,37.0,0.0
26.0,31.18,9354.0,1.0,37484.0,35.0,2.6
25.0,30.7,9350.0,1.0,37375.0,34.0,0.2
29.0,29.42,9353.0,1.0,37276.0,31.0,0.0
40.0,23.1,9360.0,1.0,37195.0,26.0,0.0
45.0,21.04,9367.0,1.0,37131.0,20.0,0.0
51.0,19.48,9372.0,1.0,37077.0,17.0,0.0
61.0,17.96,9376.0,1.0,37025.0,16.0,0.0
66.0,17.18,9379.0,1.0,36975.0,15.0,0.0
69.0,16.62,9378.0,1.0,36927.0,15.0,0.0
69.0,15.68,9374.0,1.0,36880.0,14.0,0.0
71.0,15.18,9372.0,1.0,36836.0,13.0,0.0
73.0,14.72,9369.0,1.0,36793.0,12.0,0.0
72.0,15.12,9368.0,1.0,36750.0,12.0,0.0
86.0,12.36,9372.0,1.0,36707.0,12.0,0.0
85.0,12.42,9378.0,1.0,36667.0,11.0,0.0
62.0,18.98,9384.0,1.0,36625.0,12.0,0.0
43.0,26.4,9394.0,1.0,36561.0,21.0,0.4
32.0,28.78,9401.0,1.0,36471.0,29.0,0.2
29.0,30.88,9401.0,1.0,36367.0,33.0,0.0
27.0,32.22,9397.0,1.0,36250.0,36.0,0.0
24.0,33.96,9390.0,1.0,36118.0,39.0,0.0
21.0,35.16,9383.0,1.0,35976.0,42.0,0.0
19.0,36.54,9377.0,1.0,35833.0,42.0,0.0
19.0,36.6,9366.0,1.0,35690.0,42.0,0.0
18.0,35.66,9356.0,1.0,35555.0,40.0,0.0
17.0,35.2,9356.0,1.0,35425.0,39.0,0.0
22.0,33.04,9360.0,1.0,35309.0,35.0,0.0
34.0,25.84,9363.0,1.0,35217.0,29.0,0.0
44.0,22.84,9368.0,1.0,35147.0,22.0,0.0
43.0,22.78,9377.0,1.0,35084.0,20.0,0.0
47.0,20.98,9384.0,1.0,35025.0,19.0,0.0
45.0,21.5,9388.0,1.0,34969.0,17.0,0.0
56.0,19.44,9389.0,1.0,34913.0,18.0,0.0
54.0,19.72,9387.0,1.0,34651.0,18.0,0.0
65.0,17.2,9394.0,1.0,34596.0,17.0,0.0
57.0,20.14,9409.0,1.0,34543.0,16.0,0.0
71.0,20.54,9432.0,1.0,34483.0,19.0,0.0
87.0,18.66,9444.0,1.0,34406.0,18.0,0.0
91.0,19.02,9440.0,1.0,34296.0,18.0,0.0
86.0,19.34,9445.0,1.0,34210.0,18.0,0.0
93.0,18.7,9441.0,1.0,34020.0,18.0,0.0
92.0,18.68,9419.0,1.0,33872.0,18.0,0.0
88.0,20.04,9416.0,1.0,33805.0,19.0,0.0
82.0,20.56,9411.0,1.0,33743.0,20.0,0.0
79.0,20.84,9411.0,1.0,33677.0,21.0,0.0
81.0,20.26,9412.0,1.0,33612.0,21.0,0.0
84.0,19.48,9415.0,1.0,33550.0,20.0,0.0
86.0,18.94,9424.0,1.0,33491.0,18.0,0.0
86.0,18.74,9433.0,1.0,33435.0,18.0,0.0
87.0,18.12,9440.0,1.0,33377.0,17.0,0.0
84.0,17.72,9447.0,1.0,33323.0,17.0,0.0
83.0,17.72,9446.0,1.0,33266.0,16.0,0.0
80.0,17.98,9447.0,1.0,33212.0,17.0,0.0
85.0,17.3,9443.0,1.0,33151.0,16.0,0.0
85.0,17.14,9431.0,1.0,33100.0,15.0,0.0
84.0,17.44,9426.0,1.0,33050.0,16.0,0.0
85.0,17.52,9429.0,1.0,32998.0,16.0,0.0
87.0,17.06,9430.0,1.0,32946.0,16.0,0.0
86.0,17.52,9436.0,1.0,32894.0,16.0,0.0
84.0,18.3,9446.0,1.0,32840.0,17.0,0.0
82.0,19.02,9456.0,1.0,32782.0,18.0,0.0
79.0,20.0,9462.0,1.0,32721.0,19.0,0.0
71.0,21.68,9467.0,1.0,32651.0,22.0,0.0
74.0,20.74,9471.0,1.0,32576.0,24.0,0.0
76.0,20.86,9467.0,1.0,32487.0,23.0,0.0
80.0,19.74,9465.0,1.0,32419.0,21.0,0.0
79.0,19.72,9460.0,1.0,32352.0,21.0,0.0
84.0,18.84,9460.0,1.0,32286.0,20.0,0.0
87.0,17.92,9459.0,1.0,32226.0,18.0,0.0
90.0,17.56,9461.0,1.0,32169.0,17.0,0.0
88.0,17.3,9463.0,1.0,32114.0,17.0,0.0
86.0,16.82,9469.0,1.0,32062.0,16.0,0.0
89.0,15.94,9471.0,1.0,32010.0,15.0,0.0
86.0,15.84,9481.0,1.0,31963.0,14.0,0.0
84.0,16.14,9480.0,1.0,31914.0,14.0,0.0
84.0,15.68,9484.0,1.0,31866.0,14.0,0.0
84.0,15.42,9480.0,1.0,31819.0,14.0,0.0
84.0,15.02,9476.0,1.0,31773.0,13.0,0.0
83.0,14.84,9473.0,1.0,31728.0,13.0,0.0
84.0,14.7,9467.0,1.0,31683.0,13.0,0.0
84.0,14.7,9467.0,1.0,31638.0,13.0,0.0
83.0,14.84,9471.0,1.0,31592.0,14.0,0.0
81.0,15.02,9475.0,1.0,31546.0,14.0,0.0
79.0,15.6,9482.0,1.0,31497.0,14.0,0.0
68.0,18.54,9486.0,1.0,31444.0,16.0,0.0
61.0,20.64,9490.0,1.0,31376.0,22.0,0.0
53.0,23.16,9490.0,1.0,31295.0,25.0,0.0
52.0,23.76,9489.0,1.0,31208.0,27.0,0.0
42.0,27.82,9481.0,1.0,31106.0,32.0,0.0
42.0,27.6,9472.0,1.0,30988.0,36.0,0.0
36.0,30.5,9460.0,1.0,30867.0,37.0,0.0
37.0,30.12,9453.0,1.0,30738.0,38.0,0.0
42.0,27.46,9446.0,1.0,30628.0,34.0,0.0
38.0,29.2,9442.0,1.0,30535.0,29.0,0.0
48.0,24.86,9444.0,1.0,30443.0,29.0,0.0
54.0,22.92,9448.0,1.0,30372.0,22.0,0.0
59.0,21.84,9453.0,1.0,30303.0,21.0,0.0
62.0,21.04,9459.0,1.0,30240.0,20.0,0.0
66.0,19.66,9468.0,1.0,30181.0,19.0,0.0
68.0,18.84,9466.0,1.0,30124.0,17.0,0.0
70.0,18.54,9466.0,1.0,30070.0,17.0,0.0
78.0,17.2,9465.0,1.0,29990.0,17.0,0.0
78.0,16.54,9459.0,1.0,29941.0,15.0,0.0
81.0,15.66,9458.0,1.0,29893.0,14.0,0.0
83.0,15.16,9457.0,1.0,29848.0,13.0,0.0
85.0,14.34,9461.0,1.0,29804.0,13.0,0.0
85.0,14.3,9465.0,1.0,29762.0,13.0,0.0
76.0,17.04,9470.0,1.0,29717.0,13.0,0.0
66.0,19.18,9475.0,1.0,29663.0,16.0,0.0
57.0,21.52,9473.0,1.0,29595.0,22.0,0.0
52.0,24.0,9469.0,1.0,29511.0,27.0,0.0
42.0,26.46,9464.0,1.0,29410.0,31.0,0.0
35.0,28.94,9457.0,1.0,29292.0,36.0,0.0
33.0,30.1,9449.0,1.0,29167.0,37.0,0.0
31.0,29.74,9439.0,1.0,29058.0,33.0,0.0
27.0,31.32,9432.0,1.0,28949.0,34.0,0.0
27.0,30.4,9428.0,1.0,28846.0,32.0,0.0
39.0,25.42,9427.0,1.0,28751.0,30.0,0.0
37.0,26.14,9429.0,1.0,28667.0,27.0,0.0
49.0,21.7,9436.0,1.0,28595.0,23.0,0.0
50.0,20.34,9438.0,1.0,28534.0,19.0,0.0
51.0,19.38,9444.0,1.0,28478.0,17.0,0.0
60.0,17.36,9444.0,1.0,28425.0,16.0,0.0
58.0,17.98,9445.0,1.0,28375.0,16.0,0.0
59.0,17.58,9445.0,1.0,28324.0,15.0,0.0
66.0,16.36,9448.0,1.0,28276.0,15.0,0.0
74.0,14.82,9449.0,1.0,28230.0,13.0,0.0
77.0,14.26,9448.0,1.0,28186.0,13.0,0.0
81.0,13.58,9447.0,1.0,28144.0,12.0,0.0
82.0,13.02,9451.0,1.0,28104.0,11.0,0.0
84.0,12.56,9457.0,1.0,28065.0,11.0,0.0
70.0,15.68,9464.0,1.0,28023.0,12.0,0.0
58.0,18.66,9469.0,1.0,27970.0,17.0,0.0
49.0,20.92,9471.0,1.0,27903.0,21.0,0.0
43.0,23.06,9469.0,1.0,27821.0,26.0,0.0
35.0,25.36,9463.0,1.0,27726.0,30.0,0.0
30.0,27.68,9454.0,1.0,27618.0,34.0,0.0
26.0,30.28,9445.0,1.0,27496.0,37.0,0.0
26.0,30.06,9433.0,1.0,27371.0,37.0,0.0
25.0,29.92,9423.0,1.0,27257.0,35.0,0.0
28.0,27.16,9415.0,1.0,27147.0,34.0,0.0
26.0,28.64,9411.0,1.0,27045.0,31.0,0.0
29.0,27.14,9414.0,1.0,26955.0,28.0,0.0
40.0,21.94,9418.0,1.0,26882.0,23.0,0.0
40.0,21.1,9424.0,1.0,26822.0,19.0,0.0
48.0,19.46,9428.0,1.0,26763.0,19.0,0.0
45.0,20.0,9430.0,1.0,26707.0,18.0,0.0
48.0,19.42,9433.0,1.0,26653.0,17.0,0.0
52.0,17.78,9434.0,1.0,26602.0,15.0,0.0
52.0,17.26,9429.0,1.0,26553.0,15.0,0.0
62.0,14.9,9428.0,1.0,26507.0,14.0,0.0
66.0,15.62,9428.0,1.0,26463.0,13.0,0.0
68.0,15.34,9432.0,1.0,26417.0,14.0,0.0
66.0,15.56,9438.0,1.0,26370.0,14.0,0.0
69.0,15.46,9445.0,1.0,26325.0,13.0,0.0
67.0,16.82,9452.0,1.0,26276.0,15.0,0.0
60.0,18.6,9457.0,1.0,26221.0,17.0,0.0
56.0,19.9,9460.0,1.0,26154.0,21.0,0.0
39.0,25.52,9458.0,1.0,26072.0,26.0,0.0
32.0,28.92,9452.0,1.0,25965.0,33.0,0.0
27.0,29.88,9445.0,1.0,25842.0,37.0,0.0
24.0,32.16,9437.0,1.0,25720.0,37.0,0.0
22.0,32.9,9429.0,1.0,25598.0,37.0,0.0
23.0,31.66,9422.0,1.0,25478.0,36.0,0.0
27.0,29.62,9412.0,1.0,25365.0,35.0,0.0
21.0,32.16,9409.0,1.0,25260.0,32.0,0.0
27.0,27.5,9410.0,1.0,25164.0,30.0,0.0
36.0,22.92,9415.0,1.0,25087.0,25.0,0.0
45.0,20.1,9421.0,1.0,25023.0,20.0,0.0
50.0,19.46,9425.0,1.0,24966.0,18.0,0.0
57.0,17.68,9431.0,1.0,24911.0,17.0,0.0
60.0,16.78,9432.0,1.0,24859.0,16.0,0.0
63.0,16.18,9432.0,1.0,24812.0,14.0,0.0
59.0,18.22,9440.0,1.0,24763.0,15.0,0.0
64.0,16.66,9436.0,1.0,24709.0,15.0,0.0
65.0,16.58,9435.0,1.0,24661.0,14.0,0.0
66.0,16.4,9442.0,1.0,24613.0,15.0,0.0
66.0,15.92,9446.0,1.0,24566.0,14.0,0.0
70.0,15.06,9449.0,1.0,24521.0,13.0,0.0
60.0,18.78,9457.0,1.0,24473.0,14.0,0.0
48.0,22.32,9461.0,1.0,24411.0,20.0,0.0
42.0,24.46,9463.0,1.0,24333.0,25.0,0.0
34.0,27.3,9464.0,1.0,24241.0,29.0,0.0
31.0,28.36,9459.0,1.0,24137.0,33.0,0.0
27.0,31.52,9454.0,2.0,65530.0,39.0,0.0
29.0,29.4,9444.0,2.0,65420.0,35.0,0.0
21.0,34.22,9433.0,2.0,65304.0,36.0,0.0
25.0,29.62,9425.0,2.0,65189.0,35.0,0.0
21.0,32.98,9417.0,2.0,65079.0,33.0,0.0
26.0,28.02,9412.0,2.0,64972.0,33.0,0.0
27.0,29.22,9414.0,2.0,64882.0,29.0,0.0
35.0,23.84,9416.0,2.0,64801.0,26.0,0.0
42.0,22.4,9418.0,2.0,64732.0,22.0,0.0
47.0,22.2,9426.0,2.0,64669.0,20.0,0.0
57.0,20.32,9433.0,2.0,64604.0,20.0,0.0
60.0,18.92,9433.0,2.0,64548.0,17.0,0.0
61.0,17.92,9431.0,2.0,64495.0,16.0,0.0
62.0,17.58,9427.0,2.0,64445.0,15.0,0.0
66.0,17.0,9423.0,2.0,64397.0,14.0,0.0
70.0,16.1,9427.0,2.0,64349.0,14.0,0.0
77.0,15.42,9429.0,2.0,64303.0,14.0,0.0
79.0,14.74,9434.0,2.0,64258.0,13.0,0.0
83.0,14.0,9440.0,2.0,64217.0,12.0,0.0
70.0,16.62,9445.0,2.0,64171.0,13.0,0.0
55.0,20.26,9449.0,2.0,64115.0,18.0,0.0
52.0,21.54,9450.0,2.0,64044.0,23.0,0.0
42.0,24.56,9449.0,2.0,63959.0,27.0,0.0
35.0,27.58,9444.0,2.0,63852.0,32.0,0.0
30.0,30.04,9438.0,2.0,63736.0,36.0,0.0
23.0,32.5,9431.0,2.0,63608.0,39.0,0.0
23.0,33.08,9420.0,2.0,63478.0,39.0,0.0
23.0,31.58,9413.0,2.0,63354.0,38.0,0.0
20.0,32.16,9405.0,2.0,63229.0,36.0,0.0
18.0,32.04,9403.0,2.0,63115.0,35.0,0.0
18.0,31.66,9407.0,2.0,63011.0,33.0,0.0
29.0,23.36,9415.0,2.0,62928.0,27.0,0.0
31.0,22.28,9420.0,2.0,62862.0,20.0,0.0
32.0,21.2,9427.0,2.0,62804.0,19.0,0.0
36.0,19.82,9430.0,2.0,62746.0,17.0,0.0
49.0,16.64,9430.0,2.0,62694.0,16.0,0.0
52.0,16.38,9426.0,2.0,62646.0,15.0,0.0
59.0,15.7,9423.0,2.0,62600.0,13.0,0.0
53.0,17.74,9420.0,2.0,62554.0,13.0,0.0
48.0,17.92,9420.0,2.0,62505.0,15.0,0.0
50.0,17.62,9427.0,2.0,62454.0,16.0,0.0
58.0,16.0,9436.0,2.0,62404.0,15.0,0.0
65.0,15.84,9445.0,2.0,62361.0,13.0,0.0
56.0,19.48,9455.0,2.0,62312.0,15.0,0.0
52.0,21.04,9462.0,2.0,62247.0,20.0,0.0
43.0,24.36,9462.0,2.0,62170.0,25.0,0.0
38.0,26.62,9459.0,2.0,62079.0,29.0,0.0
29.0,30.48,9454.0,2.0,61972.0,33.0,0.2
25.0,31.52,9444.0,2.0,61843.0,38.0,0.0
22.0,32.26,9438.0,2.0,61711.0,40.0,0.0
18.0,33.9,9427.0,2.0,61574.0,41.0,0.0
17.0,34.94,9422.0,2.0,61437.0,41.0,0.0
19.0,32.88,9415.0,2.0,61300.0,39.0,0.0
18.0,32.4,9415.0,2.0,61178.0,37.0,0.0
19.0,31.84,9417.0,2.0,61071.0,33.0,0.0
25.0,26.6,9422.0,2.0,60984.0,28.0,0.0
34.0,24.24,9425.0,2.0,60911.0,23.0,0.0
31.0,23.58,9432.0,2.0,60845.0,21.0,0.0
34.0,23.26,9436.0,2.0,60777.0,21.0,0.0
36.0,22.76,9437.0,2.0,60713.0,21.0,0.0
39.0,21.52,9440.0,2.0,60652.0,19.0,0.0
41.0,21.54,9440.0,2.0,60593.0,19.0,0.0
46.0,20.2,9443.0,2.0,60534.0,19.0,0.0
50.0,19.42,9445.0,2.0,60478.0,17.0,0.0
53.0,19.16,9448.0,2.0,60424.0,17.0,0.0
55.0,18.42,9455.0,2.0,60370.0,17.0,0.0
56.0,18.12,9461.0,2.0,60319.0,16.0,0.0
52.0,20.68,9470.0,2.0,60263.0,17.0,0.0
47.0,23.12,9479.0,2.0,60196.0,21.0,0.0
40.0,26.18,9482.0,2.0,60114.0,26.0,0.0
35.0,28.26,9480.0,2.0,60014.0,31.0,0.0
27.0,31.72,9477.0,2.0,59894.0,36.0,0.0
23.0,33.52,9471.0,2.0,59763.0,40.0,0.0
21.0,35.74,9463.0,2.0,59628.0,41.0,0.0
19.0,36.16,9455.0,2.0,59487.0,42.0,0.0
19.0,37.78,9447.0,2.0,59345.0,42.0,0.0
20.0,36.3,9439.0,2.0,59200.0,41.0,0.0
22.0,34.02,9437.0,2.0,59070.0,39.0,0.0
22.0,34.44,9438.0,2.0,58958.0,35.0,0.0
34.0,27.28,9443.0,2.0,58859.0,30.0,0.0
37.0,25.44,9445.0,2.0,58784.0,24.0,0.0
38.0,25.3,9449.0,2.0,58715.0,23.0,0.0
47.0,23.74,9454.0,2.0,58643.0,22.0,0.0
50.0,21.6,9454.0,2.0,58579.0,21.0,0.0
59.0,20.28,9450.0,2.0,58517.0,19.0,0.0
61.0,19.18,9445.0,2.0,58459.0,18.0,0.0
61.0,19.8,9443.0,2.0,58403.0,18.0,0.0
74.0,17.56,9440.0,2.0,58347.0,18.0,0.0
66.0,18.74,9445.0,2.0,58293.0,17.0,0.0
54.0,20.4,9450.0,2.0,58236.0,18.0,0.0
47.0,22.1,9454.0,2.0,58181.0,18.0,0.0
55.0,23.94,9462.0,2.0,58119.0,20.0,0.0
35.0,28.7,9464.0,2.0,58039.0,26.0,0.0
27.0,32.04,9464.0,2.0,57938.0,32.0,0.0
23.0,34.1,9464.0,2.0,57820.0,36.0,0.0
20.0,37.18,9455.0,2.0,57679.0,40.0,0.0
21.0,36.64,9450.0,2.0,57536.0,42.0,1.2
19.0,38.46,9442.0,2.0,57388.0,44.0,2.2
20.0,38.64,9434.0,2.0,57234.0,45.0,0.0
19.0,39.34,9425.0,2.0,57086.0,43.0,0.2
19.0,38.62,9418.0,2.0,56938.0,42.0,0.0
25.0,34.5,9416.0,2.0,56815.0,37.0,0.0
28.0,32.88,9418.0,2.0,56709.0,33.0,0.0
35.0,29.38,9420.0,2.0,56610.0,30.0,0.0
39.0,27.42,9424.0,2.0,56526.0,27.0,0.0
42.0,27.0,9426.0,2.0,56447.0,25.0,0.0
47.0,25.04,9429.0,2.0,56369.0,24.0,0.0
57.0,22.34,9431.0,2.0,56300.0,22.0,0.0
56.0,22.88,9433.0,2.0,56236.0,21.0,0.0
55.0,23.02,9432.0,2.0,56167.0,22.0,0.0
60.0,22.38,9427.0,2.0,56101.0,21.0,0.0
58.0,22.08,9421.0,2.0,56036.0,21.0,0.0
45.0,25.1,9420.0,2.0,55969.0,21.0,0.0
48.0,23.92,9421.0,2.0,55898.0,23.0,0.0
47.0,24.52,9428.0,2.0,55832.0,21.0,0.2
44.0,26.28,9442.0,2.0,55758.0,24.0,0.0
37.0,29.6,9443.0,2.0,55673.0,27.0,0.0
40.0,27.86,9441.0,2.0,55576.0,30.0,0.0
34.0,30.98,9438.0,2.0,55479.0,31.0,0.0
34.0,31.12,9436.0,2.0,55373.0,33.0,0.0
45.0,28.56,9443.0,2.0,55258.0,34.0,0.0
82.0,21.5,9453.0,2.0,54999.0,24.0,0.0
85.0,20.88,9442.0,2.0,54877.0,20.0,0.0
85.0,21.24,9445.0,2.0,54807.0,21.0,0.0
85.0,21.36,9451.0,2.0,54741.0,21.0,0.0
84.0,21.52,9447.0,2.0,54674.0,21.0,0.0
81.0,21.52,9446.0,2.0,54608.0,21.0,0.0
84.0,20.48,9441.0,2.0,54546.0,20.0,0.0
87.0,20.34,9447.0,2.0,54486.0,19.0,0.0
86.0,20.24,9460.0,2.0,54426.0,19.0,0.0
88.0,19.74,9460.0,2.0,54367.0,19.0,0.0
89.0,19.52,9460.0,2.0,54308.0,18.0,0.0
89.0,19.6,9450.0,2.0,54251.0,18.0,0.0
88.0,19.56,9445.0,2.0,54194.0,18.0,0.0
88.0,19.32,9433.0,2.0,54137.0,18.0,0.0
91.0,18.82,9434.0,2.0,54081.0,18.0,0.0
89.0,18.9,9437.0,2.0,54027.0,17.0,0.0
94.0,17.8,9442.0,2.0,53974.0,17.0,0.0
93.0,18.38,9444.0,2.0,53923.0,16.0,0.0
83.0,20.94,9457.0,2.0,53866.0,18.0,0.0
74.0,24.04,9463.0,2.0,53800.0,21.0,0.0
71.0,24.58,9466.0,2.0,53719.0,26.0,0.0
67.0,25.6,9465.0,2.0,53636.0,26.0,0.0
60.0,27.2,9461.0,2.0,53547.0,28.0,0.0
50.0,30.34,9457.0,2.0,53440.0,32.0,0.0
47.0,30.02,9451.0,2.0,53330.0,34.0,0.0
49.0,29.86,9448.0,2.0,53230.0,32.0,0.0
52.0,28.96,9447.0,2.0,53134.0,30.0,0.0
60.0,26.56,9445.0,2.0,53044.0,28.0,0.0
67.0,24.38,9443.0,2.0,52960.0,26.0,0.0
73.0,22.82,9444.0,2.0,52886.0,23.0,0.0
75.0,21.64,9437.0,2.0,52820.0,21.0,0.0
80.0,20.86,9433.0,2.0,52757.0,20.0,0.0
84.0,20.2,9441.0,2.0,52696.0,19.0,0.0
84.0,20.58,9446.0,2.0,52636.0,19.0,0.0
87.0,20.02,9444.0,2.0,52574.0,19.0,0.0
87.0,20.0,9436.0,2.0,52516.0,18.0,0.0
91.0,19.04,9445.0,2.0,52460.0,18.0,0.0
92.0,19.08,9438.0,2.0,52401.0,18.0,0.0
93.0,18.96,9435.0,2.0,52344.0,18.0,0.0
96.0,18.8,9425.0,2.0,52262.0,18.0,0.0
96.0,18.68,9436.0,2.0,52204.0,18.0,0.0
96.0,19.34,9437.0,2.0,52110.0,18.0,0.0
94.0,19.96,9444.0,2.0,52052.0,18.0,0.0
97.0,19.46,9465.0,2.0,51792.0,19.0,0.0
96.0,20.52,9461.0,2.0,51531.0,19.0,0.0
91.0,21.36,9465.0,2.0,51464.0,21.0,0.0
90.0,21.52,9461.0,2.0,51379.0,21.0,0.0
92.0,20.96,9456.0,2.0,51303.0,20.0,0.0
86.0,24.96,9448.0,2.0,51236.0,22.0,0.0
62.0,27.58,9441.0,2.0,51133.0,32.0,0.0
57.0,29.24,9433.0,2.0,51039.0,30.0,0.0
59.0,27.68,9427.0,2.0,50941.0,31.0,0.0
63.0,26.08,9424.0,2.0,50852.0,28.0,0.0
58.0,27.78,9420.0,2.0,50770.0,26.0,0.0
76.0,22.46,9423.0,2.0,50691.0,25.0,0.0
82.0,22.52,9425.0,2.0,50626.0,21.0,0.0
90.0,21.0,9435.0,2.0,50563.0,20.0,0.0
87.0,21.28,9440.0,2.0,50502.0,20.0,0.0
90.0,19.36,9443.0,2.0,50440.0,19.0,0.0
94.0,18.7,9439.0,2.0,50385.0,18.0,0.0
94.0,17.76,9432.0,2.0,50331.0,17.0,0.0
92.0,17.54,9428.0,2.0,50279.0,16.0,0.0
93.0,16.8,9425.0,2.0,50228.0,16.0,0.0
95.0,17.14,9423.0,2.0,50178.0,16.0,0.0
92.0,17.34,9428.0,2.0,50127.0,16.0,0.0
93.0,17.34,9433.0,2.0,50078.0,16.0,0.0
85.0,19.56,9439.0,2.0,50024.0,16.0,0.0
74.0,22.78,9443.0,2.0,49961.0,20.0,0.0
59.0,26.48,9445.0,2.0,49876.0,27.0,0.0
48.0,30.24,9444.0,2.0,49772.0,32.0,0.0
42.0,32.42,9440.0,2.0,49641.0,38.0,0.0
42.0,32.04,9435.0,2.0,49518.0,38.0,0.0
43.0,32.22,9428.0,2.0,49397.0,37.0,0.0
37.0,34.16,9414.0,2.0,49278.0,37.0,0.0
36.0,33.66,9404.0,2.0,49153.0,38.0,0.0
39.0,32.26,9395.0,2.0,49037.0,36.0,0.0
55.0,27.78,9398.0,2.0,48925.0,31.0,0.0
87.0,20.92,9405.0,2.0,48790.0,23.0,0.0
86.0,20.44,9421.0,2.0,48709.0,20.0,0.0
85.0,19.28,9424.0,2.0,48649.0,18.0,0.0
87.0,19.64,9421.0,2.0,48592.0,18.0,0.0
86.0,19.48,9425.0,2.0,48536.0,18.0,0.0
83.0,18.84,9427.0,2.0,48480.0,17.0,0.0
87.0,17.36,9423.0,2.0,48428.0,16.0,0.0
91.0,16.9,9417.0,2.0,48379.0,15.0,0.0
94.0,16.0,9416.0,2.0,48330.0,15.0,0.0
94.0,16.38,9418.0,2.0,48282.0,15.0,0.0
96.0,16.38,9415.0,2.0,48233.0,15.0,0.0
96.0,16.18,9418.0,2.0,48184.0,15.0,0.0
94.0,16.82,9421.0,2.0,48136.0,15.0,0.0
83.0,20.22,9425.0,2.0,48083.0,17.0,0.0
65.0,24.74,9431.0,2.0,48018.0,21.0,0.0
59.0,26.82,9436.0,2.0,47935.0,27.0,0.0
56.0,28.78,9440.0,2.0,47837.0,31.0,0.0
42.0,32.24,9435.0,2.0,47720.0,35.0,0.0
37.0,33.92,9429.0,2.0,47594.0,39.0,0.0
34.0,34.46,9422.0,2.0,47462.0,40.0,0.0
32.0,34.38,9408.0,2.0,47331.0,40.0,0.0
27.0,34.6,9397.0,2.0,47205.0,38.0,0.0
27.0,33.08,9392.0,2.0,47082.0,36.0,0.0
25.0,33.26,9387.0,2.0,46967.0,36.0,0.0
28.0,32.22,9384.0,2.0,46860.0,34.0,0.0
44.0,26.94,9387.0,2.0,46764.0,29.0,0.0
52.0,24.62,9398.0,2.0,46689.0,24.0,0.0
56.0,23.54,9405.0,2.0,46622.0,22.0,0.0
63.0,22.68,9411.0,2.0,46553.0,21.0,0.0
70.0,21.28,9411.0,2.0,46490.0,20.0,0.0
75.0,20.4,9408.0,2.0,46429.0,19.0,0.0
77.0,19.84,9404.0,2.0,46371.0,19.0,0.0
70.0,20.82,9400.0,2.0,46313.0,18.0,0.0
79.0,18.94,9399.0,2.0,46256.0,18.0,9.2
72.0,20.58,9402.0,2.0,46201.0,17.0,4.0
72.0,20.58,9404.0,2.0,46144.0,18.0,0.0
79.0,19.84,9412.0,2.0,46088.0,18.0,0.0
67.0,24.52,9421.0,2.0,46028.0,19.0,0.4
60.0,26.42,9427.0,2.0,45950.0,25.0,0.0
57.0,28.0,9429.0,2.0,45857.0,29.0,0.0
51.0,29.82,9427.0,2.0,45754.0,32.0,0.0
45.0,31.76,9422.0,2.0,45632.0,36.0,0.0
36.0,34.68,9414.0,2.0,45506.0,38.0,0.0
36.0,34.42,9408.0,2.0,45371.0,40.0,0.0
28.0,37.28,9398.0,2.0,45239.0,40.0,0.0
25.0,37.78,9384.0,2.0,45096.0,42.0,0.0
26.0,35.76,9374.0,2.0,44954.0,40.0,0.2
27.0,36.16,9370.0,2.0,44826.0,38.0,0.0
33.0,33.44,9372.0,2.0,44709.0,36.0,0.0
51.0,28.18,9382.0,2.0,44610.0,31.0,0.0
59.0,25.36,9394.0,2.0,44527.0,25.0,0.0
63.0,24.1,9402.0,2.0,44455.0,23.0,0.0
64.0,23.96,9408.0,2.0,44384.0,22.0,0.0
66.0,23.12,9415.0,2.0,44317.0,22.0,0.0
72.0,22.08,9418.0,2.0,44253.0,21.0,0.0
73.0,21.9,9416.0,2.0,44190.0,20.0,0.0
80.0,21.18,9412.0,2.0,44129.0,20.0,0.0
82.0,20.62,9402.0,2.0,44063.0,19.0,0.0
73.0,22.2,9394.0,2.0,43973.0,19.0,0.0
76.0,22.14,9407.0,2.0,43897.0,20.0,0.0
75.0,22.34,9417.0,2.0,43826.0,20.0,0.0
68.0,24.62,9424.0,2.0,43753.0,22.0,0.0
54.0,28.7,9427.0,2.0,43671.0,26.0,0.0
51.0,30.2,9430.0,2.0,43574.0,30.0,0.0
46.0,32.64,9431.0,2.0,43466.0,34.0,0.0
39.0,34.94,9429.0,2.0,43340.0,36.0,0.0
39.0,34.84,9423.0,2.0,43209.0,39.0,0.0
57.0,28.42,9423.0,2.0,43045.0,33.0,0.0
55.0,27.16,9420.0,2.0,42867.0,31.0,0.0
55.0,26.74,9424.0,2.0,42734.0,29.0,0.0
57.0,25.72,9419.0,2.0,42640.0,28.0,0.0
53.0,26.38,9407.0,2.0,42554.0,26.0,0.0
56.0,25.24,9410.0,2.0,42475.0,25.0,0.0
62.0,23.12,9405.0,2.0,42401.0,24.0,0.0
69.0,21.74,9411.0,2.0,42336.0,20.0,0.0
73.0,20.84,9412.0,2.0,42275.0,19.0,0.0
78.0,19.48,9414.0,2.0,42216.0,18.0,0.0
86.0,18.0,9412.0,2.0,42162.0,17.0,0.0
87.0,18.7,9414.0,2.0,42109.0,16.0,0.0
90.0,17.86,9414.0,2.0,42056.0,17.0,0.0
90.0,18.56,9412.0,2.0,42003.0,16.0,0.0
92.0,17.82,9412.0,2.0,41949.0,17.0,0.0
90.0,18.78,9412.0,2.0,41895.0,17.0,0.0
89.0,19.18,9414.0,2.0,41840.0,17.0,0.0
89.0,19.04,9416.0,2.0,41786.0,18.0,0.0
81.0,21.54,9426.0,2.0,41727.0,19.0,0.0
66.0,23.92,9427.0,2.0,41656.0,23.0,0.0
50.0,28.9,9428.0,2.0,41568.0,27.0,0.0
39.0,32.26,9426.0,2.0,41461.0,34.0,0.0
35.0,33.98,9419.0,2.0,41335.0,37.0,0.0
33.0,36.14,9416.0,2.0,41206.0,39.0,0.0
34.0,35.86,9404.0,2.0,41073.0,40.0,0.0
35.0,35.18,9396.0,2.0,40944.0,39.0,0.0
39.0,33.48,9387.0,2.0,40821.0,37.0,0.0
39.0,33.82,9378.0,2.0,40694.0,37.0,0.0
41.0,32.64,9369.0,2.0,40584.0,34.0,0.0
46.0,30.46,9372.0,2.0,40480.0,33.0,0.0
56.0,27.56,9379.0,2.0,40388.0,29.0,0.0
62.0,26.02,9390.0,2.0,40306.0,25.0,0.0
70.0,24.64,9391.0,2.0,40232.0,24.0,0.0
72.0,23.68,9393.0,2.0,40158.0,23.0,0.0
76.0,22.78,9396.0,2.0,40091.0,22.0,0.0
74.0,22.86,9393.0,2.0,40024.0,22.0,0.0
79.0,21.52,9393.0,2.0,39959.0,21.0,0.0
82.0,20.44,9387.0,2.0,39898.0,19.0,0.0
83.0,19.78,9387.0,2.0,39840.0,19.0,0.0
87.0,18.66,9392.0,2.0,39784.0,18.0,0.0
88.0,18.18,9395.0,2.0,39730.0,17.0,0.0
87.0,18.72,9399.0,2.0,39678.0,17.0,0.0
69.0,23.76,9403.0,2.0,39618.0,19.0,0.0
54.0,27.16,9402.0,2.0,39539.0,26.0,0.0
42.0,30.98,9406.0,2.0,39439.0,31.0,0.0
37.0,32.62,9401.0,2.0,39319.0,37.0,0.0
33.0,34.26,9397.0,2.0,39177.0,40.0,0.0
32.0,34.68,9391.0,2.0,39038.0,42.0,0.0
28.0,35.92,9381.0,2.0,38893.0,43.0,0.0
25.0,37.78,9372.0,2.0,38759.0,40.0,0.0
26.0,36.7,9361.0,2.0,38617.0,42.0,0.0
30.0,35.2,9357.0,2.0,38477.0,39.0,0.0
30.0,33.62,9354.0,2.0,38354.0,37.0,0.0
34.0,31.62,9355.0,2.0,38245.0,34.0,0.0
42.0,28.74,9360.0,2.0,38148.0,31.0,0.0
51.0,25.84,9371.0,2.0,38062.0,27.0,0.0
45.0,25.98,9380.0,2.0,37985.0,25.0,0.0
47.0,24.56,9385.0,2.0,37908.0,23.0,0.0
49.0,23.8,9386.0,2.0,37838.0,23.0,0.0
52.0,22.62,9385.0,2.0,37769.0,22.0,0.0
54.0,22.44,9395.0,2.0,37701.0,22.0,0.0
56.0,22.28,9378.0,2.0,37637.0,21.0,0.0
58.0,22.34,9370.0,2.0,37569.0,21.0,0.0
76.0,21.22,9375.0,2.0,37507.0,20.0,0.0
85.0,20.84,9382.0,2.0,37446.0,20.0,0.0
88.0,20.16,9382.0,2.0,37365.0,19.0,0.0
94.0,19.34,9395.0,2.0,37162.0,18.0,0.0
96.0,18.7,9411.0,2.0,36608.0,18.0,0.0
96.0,19.14,9411.0,2.0,36375.0,18.0,0.0
95.0,19.24,9422.0,2.0,36169.0,19.0,0.0
92.0,19.76,9411.0,2.0,35989.0,19.0,0.0
92.0,20.44,9403.0,2.0,35851.0,20.0,0.0
91.0,20.58,9389.0,2.0,35786.0,21.0,0.0
91.0,20.14,9385.0,2.0,35678.0,20.0,0.0
94.0,19.58,9390.0,2.0,35336.0,19.0,0.0
94.0,19.18,9383.0,2.0,35276.0,19.0,0.0
95.0,18.02,9393.0,2.0,34915.0,18.0,0.0
94.0,17.6,9390.0,2.0,34763.0,17.0,0.0
96.0,17.54,9391.0,2.0,34709.0,17.0,0.0
96.0,17.14,9380.0,2.0,34652.0,16.0,0.0
96.0,16.88,9408.0,2.0,34601.0,16.0,0.0
96.0,17.16,9412.0,2.0,34549.0,16.0,0.0
95.0,16.86,9415.0,2.0,34497.0,16.0,0.0
97.0,15.88,9411.0,2.0,34447.0,15.0,0.0
98.0,15.4,9413.0,2.0,34400.0,14.0,0.0
95.0,16.22,9411.0,2.0,34353.0,14.0,0.0
96.0,16.06,9410.0,2.0,34304.0,15.0,0.0
97.0,15.5,9407.0,2.0,34255.0,14.0,0.0
97.0,15.56,9409.0,2.0,34209.0,14.0,0.0
95.0,15.52,9414.0,2.0,34164.0,14.0,0.0
81.0,19.78,9417.0,2.0,34113.0,15.0,0.0
74.0,22.38,9423.0,2.0,34052.0,19.0,0.0
68.0,22.38,9430.0,2.0,33979.0,24.0,0.0
59.0,25.24,9430.0,2.0,33893.0,27.0,0.0
52.0,25.98,9428.0,2.0,33790.0,32.0,0.0
46.0,27.78,9425.0,2.0,33678.0,34.0,0.0
50.0,26.42,9421.0,2.0,33574.0,33.0,0.0
45.0,27.4,9415.0,2.0,33465.0,34.0,0.0
42.0,29.34,9409.0,2.0,33364.0,32.0,0.0
39.0,27.48,9405.0,2.0,33255.0,33.0,0.0
43.0,26.16,9406.0,2.0,33169.0,27.0,0.0
49.0,24.94,9408.0,2.0,33086.0,27.0,0.0
65.0,21.52,9414.0,3.0,65533.0,22.0,0.0
69.0,19.88,9419.0,3.0,65468.0,19.0,0.0
70.0,19.44,9426.0,3.0,65413.0,17.0,0.0
78.0,17.8,9433.0,3.0,65360.0,16.0,0.0
82.0,17.0,9432.0,3.0,65309.0,15.0,0.0
88.0,15.54,9430.0,3.0,65260.0,14.0,0.0
85.0,15.86,9429.0,3.0,65214.0,14.0,0.0
78.0,17.38,9428.0,3.0,65167.0,14.0,0.0
80.0,17.06,9429.0,3.0,65118.0,15.0,0.0
82.0,16.38,9432.0,3.0,65070.0,14.0,0.0
86.0,15.54,9439.0,3.0,65023.0,14.0,0.0
86.0,15.66,9443.0,3.0,64981.0,14.0,0.0
75.0,18.98,9453.0,3.0,64932.0,15.0,0.0
63.0,21.32,9459.0,3.0,64869.0,20.0,0.0
55.0,22.68,9460.0,3.0,64793.0,24.0,0.0
48.0,25.7,9458.0,3.0,64702.0,28.0,0.0
43.0,27.76,9454.0,3.0,64595.0,33.0,0.0
35.0,31.16,9446.0,3.0,64472.0,37.0,0.0
27.0,32.28,9439.0,3.0,64340.0,39.0,0.0
32.0,28.78,9434.0,3.0,64214.0,38.0,0.0
29.0,30.86,9424.0,3.0,64090.0,37.0,0.0
30.0,30.64,9417.0,3.0,63966.0,37.0,0.0
36.0,27.0,9414.0,3.0,63862.0,32.0,0.0
33.0,28.6,9416.0,3.0,63778.0,27.0,0.0
45.0,24.1,9420.0,3.0,63688.0,26.0,0.0
53.0,21.74,9423.0,3.0,63597.0,21.0,0.0
56.0,20.52,9427.0,3.0,63538.0,18.0,0.0
58.0,19.94,9432.0,3.0,63481.0,18.0,0.0
73.0,17.74,9431.0,3.0,63426.0,17.0,0.0
78.0,16.5,9426.0,3.0,63374.0,15.0,0.0
84.0,15.1,9423.0,3.0,63326.0,14.0,0.0
80.0,15.82,9420.0,3.0,63279.0,14.0,0.0
74.0,16.72,9423.0,3.0,63233.0,13.0,0.0
76.0,16.68,9424.0,3.0,63185.0,14.0,0.0
79.0,16.66,9431.0,3.0,63139.0,14.0,0.0
78.0,17.18,9439.0,3.0,63094.0,14.0,0.0
66.0,20.68,9449.0,3.0,63041.0,17.0,0.0
58.0,23.44,9457.0,3.0,62974.0,22.0,0.0
53.0,24.56,9458.0,3.0,62894.0,26.0,0.0
45.0,27.12,9459.0,3.0,62802.0,29.0,0.0
40.0,29.24,9455.0,3.0,62693.0,34.0,0.0
42.0,27.42,9448.0,3.0,62575.0,36.0,0.0
33.0,30.5,9439.0,3.0,62468.0,33.0,0.0
29.0,32.28,9433.0,3.0,62361.0,33.0,0.0
30.0,30.54,9423.0,3.0,62238.0,37.0,0.0
21.0,32.9,9418.0,3.0,62118.0,37.0,0.0
23.0,31.62,9416.0,3.0,61999.0,36.0,0.0
28.0,29.72,9421.0,3.0,61895.0,32.0,0.0
42.0,24.04,9426.0,3.0,61803.0,27.0,0.0
48.0,22.18,9434.0,3.0,61722.0,22.0,0.0
47.0,22.44,9441.0,3.0,61660.0,20.0,0.0
50.0,21.74,9446.0,3.0,61598.0,19.0,0.0
62.0,19.58,9449.0,3.0,61541.0,18.0,0.0
71.0,17.9,9447.0,3.0,61487.0,17.0,0.0
82.0,15.94,9442.0,3.0,61437.0,15.0,0.0
75.0,16.82,9439.0,3.0,61389.0,14.0,0.0
80.0,15.94,9439.0,3.0,61341.0,14.0,0.0
69.0,18.52,9444.0,3.0,61293.0,15.0,0.0
73.0,17.72,9452.0,3.0,61241.0,16.0,0.0
79.0,16.36,9461.0,3.0,61194.0,15.0,0.0
66.0,21.22,9468.0,3.0,61141.0,16.0,0.0
58.0,24.18,9473.0,3.0,61072.0,22.0,0.0
49.0,26.26,9475.0,3.0,60987.0,27.0,0.0
43.0,28.8,9475.0,3.0,60887.0,31.0,0.0
38.0,30.7,9473.0,3.0,60775.0,35.0,0.0
32.0,32.2,9467.0,3.0,60653.0,37.0,0.0
25.0,35.08,9461.0,3.0,60519.0,40.0,0.0
24.0,35.28,9452.0,3.0,60382.0,41.0,0.0
28.0,31.56,9446.0,3.0,60257.0,38.0,0.0
31.0,30.84,9443.0,3.0,60151.0,33.0,0.0
28.0,32.24,9440.0,3.0,60049.0,31.0,0.0
28.0,32.58,9441.0,3.0,59942.0,33.0,0.0
41.0,27.08,9444.0,3.0,59847.0,29.0,0.0
55.0,23.4,9450.0,3.0,59766.0,24.0,0.0
58.0,22.2,9456.0,3.0,59701.0,21.0,0.2
63.0,20.64,9461.0,3.0,59641.0,19.0,1.2
69.0,19.38,9461.0,3.0,59583.0,18.0,0.0
70.0,18.8,9457.0,3.0,59528.0,17.0,0.0
71.0,18.64,9454.0,3.0,59474.0,17.0,0.0
66.0,19.22,9454.0,3.0,59423.0,16.0,0.0
66.0,19.52,9452.0,3.0,59369.0,17.0,0.0
68.0,18.92,9457.0,3.0,59315.0,17.0,0.0
68.0,18.18,9462.0,3.0,59263.0,16.0,0.0
72.0,18.16,9469.0,3.0,59214.0,16.0,0.0
63.0,21.66,9478.0,3.0,59158.0,18.0,0.0
57.0,23.88,9487.0,3.0,59089.0,22.0,0.0
54.0,24.98,9490.0,3.0,59007.0,26.0,0.0
45.0,26.78,9491.0,3.0,58911.0,30.0,0.0
44.0,27.58,9487.0,3.0,58804.0,33.0,0.0
36.0,31.1,9481.0,3.0,58682.0,37.0,0.0
32.0,31.62,9475.0,3.0,58556.0,38.0,0.0
29.0,32.42,9466.0,3.0,58426.0,39.0,0.0
27.0,33.34,9460.0,3.0,58294.0,39.0,0.0
26.0,33.12,9453.0,3.0,58163.0,39.0,0.0
27.0,32.72,9448.0,3.0,58040.0,37.0,0.0
28.0,32.12,9448.0,3.0,57929.0,34.0,0.0
38.0,27.22,9450.0,3.0,57834.0,29.0,0.0
41.0,25.14,9453.0,3.0,57758.0,24.0,0.0
45.0,23.64,9457.0,3.0,57689.0,22.0,0.0
48.0,22.34,9464.0,3.0,57626.0,20.0,0.0
46.0,22.94,9469.0,3.0,57563.0,20.0,0.0
48.0,22.34,9467.0,3.0,57500.0,20.0,0.0
52.0,21.56,9465.0,3.0,57438.0,19.0,0.0
55.0,21.08,9462.0,3.0,57378.0,19.0,0.0
58.0,20.5,9462.0,3.0,57320.0,18.0,0.0
62.0,19.38,9462.0,3.0,57264.0,17.0,0.0
68.0,18.08,9468.0,3.0,57211.0,16.0,0.0
69.0,18.42,9473.0,3.0,57161.0,16.0,0.0
57.0,22.14,9483.0,3.0,57105.0,17.0,0.0
50.0,23.84,9491.0,3.0,57034.0,23.0,0.0
43.0,25.62,9493.0,3.0,56949.0,27.0,0.0
37.0,28.32,9490.0,3.0,56850.0,31.0,0.0
36.0,29.28,9485.0,3.0,56739.0,34.0,0.0
31.0,32.4,9480.0,3.0,56616.0,37.0,0.0
31.0,33.62,9474.0,3.0,56481.0,40.0,0.0
30.0,34.66,9465.0,3.0,56342.0,41.0,0.0
29.0,35.34,9455.0,3.0,56204.0,41.0,0.0
30.0,34.46,9444.0,3.0,56068.0,40.0,0.0
33.0,33.98,9440.0,3.0,55944.0,37.0,0.0
31.0,34.86,9436.0,3.0,55827.0,36.0,0.0
44.0,29.28,9439.0,3.0,55725.0,32.0,0.0
52.0,26.6,9443.0,3.0,55643.0,26.0,0.0
60.0,24.04,9448.0,3.0,55570.0,23.0,0.0
57.0,24.78,9450.0,3.0,55501.0,22.0,0.0
54.0,25.24,9452.0,3.0,55429.0,23.0,0.0
60.0,23.8,9449.0,3.0,55359.0,22.0,0.0
61.0,23.88,9444.0,3.0,55292.0,22.0,0.0
66.0,22.66,9445.0,3.0,55224.0,21.0,0.0
66.0,22.92,9447.0,3.0,55162.0,20.0,0.0
69.0,22.14,9448.0,3.0,55098.0,21.0,0.0
71.0,21.8,9453.0,3.0,55036.0,20.0,0.0
73.0,21.4,9464.0,3.0,54977.0,19.0,0.0
59.0,25.56,9472.0,3.0,54911.0,21.0,0.0
47.0,27.72,9477.0,3.0,54828.0,27.0,0.0
45.0,29.3,9476.0,3.0,54732.0,30.0,0.0
45.0,30.2,9474.0,3.0,54625.0,33.0,0.0
40.0,32.82,9469.0,3.0,54508.0,35.0,0.0
36.0,34.3,9459.0,3.0,54379.0,38.0,0.0
32.0,35.28,9451.0,3.0,54246.0,39.0,0.0
32.0,35.92,9441.0,3.0,54113.0,39.0,0.0
28.0,37.0,9434.0,3.0,53979.0,39.0,0.0
29.0,36.3,9426.0,3.0,53842.0,41.0,1.6
33.0,33.88,9422.0,3.0,53713.0,38.0,0.8
32.0,34.66,9417.0,3.0,53600.0,34.0,0.0
41.0,29.54,9418.0,3.0,53496.0,32.0,0.0
46.0,27.06,9423.0,3.0,53411.0,27.0,0.0
48.0,27.3,9431.0,3.0,53333.0,25.0,0.0
49.0,25.92,9436.0,3.0,53255.0,25.0,0.0
61.0,24.94,9440.0,3.0,53182.0,23.0,0.0
59.0,24.28,9438.0,3.0,53110.0,23.0,0.0
54.0,24.88,9430.0,3.0,53041.0,22.0,0.0
59.0,23.26,9426.0,3.0,52973.0,22.0,0.0
59.0,22.04,9423.0,3.0,52908.0,21.0,0.0
64.0,21.8,9426.0,3.0,52846.0,19.0,0.0
66.0,21.26,9433.0,3.0,52786.0,19.0,0.0
75.0,20.4,9437.0,3.0,52728.0,19.0,0.0
54.0,26.66,9442.0,3.0,52662.0,21.0,0.0
46.0,29.48,9456.0,3.0,52575.0,28.0,0.0
44.0,30.6,9457.0,3.0,52475.0,31.0,0.0
43.0,31.58,9455.0,3.0,52368.0,33.0,0.0
40.0,32.64,9450.0,3.0,52254.0,35.0,0.0
33.0,35.78,9442.0,3.0,52126.0,38.0,0.0
30.0,36.22,9432.0,3.0,51991.0,39.0,0.0
31.0,36.02,9426.0,3.0,51852.0,41.0,0.0
30.0,35.52,9420.0,3.0,51723.0,38.0,0.0
32.0,34.6,9415.0,3.0,51603.0,37.0,0.0
32.0,35.22,9408.0,3.0,51486.0,36.0,0.0
37.0,33.18,9409.0,3.0,51375.0,34.0,0.0
69.0,23.64,9418.0,3.0,50927.0,26.0,0.0
66.0,24.22,9425.0,3.0,50859.0,22.0,0.0
72.0,22.28,9433.0,3.0,50792.0,21.0,0.0
71.0,23.7,9444.0,3.0,50727.0,21.0,0.0
80.0,22.76,9441.0,3.0,50658.0,22.0,0.0
75.0,22.96,9434.0,3.0,50591.0,22.0,0.0
82.0,21.36,9433.0,3.0,50526.0,21.0,0.0
77.0,22.2,9428.0,3.0,50462.0,20.0,0.0
74.0,22.3,9428.0,3.0,50400.0,20.0,0.0
75.0,21.96,9430.0,3.0,50338.0,20.0,0.0
73.0,22.0,9432.0,3.0,50276.0,20.0,0.0
72.0,22.66,9444.0,3.0,50216.0,20.0,0.0
68.0,24.46,9457.0,3.0,50146.0,22.0,0.0
65.0,25.22,9467.0,3.0,50067.0,25.0,0.0
51.0,30.2,9471.0,3.0,49973.0,29.0,0.0
44.0,31.62,9467.0,3.0,49859.0,35.0,0.0
43.0,32.1,9463.0,3.0,49741.0,36.0,0.0
41.0,33.5,9457.0,3.0,49616.0,38.0,0.0
35.0,35.88,9448.0,3.0,49482.0,40.0,0.0
35.0,36.22,9435.0,3.0,49341.0,41.0,0.0
32.0,35.96,9424.0,3.0,49204.0,41.0,0.0
37.0,33.7,9417.0,3.0,49067.0,40.0,0.0
38.0,33.1,9417.0,3.0,48954.0,34.0,0.0
37.0,31.78,9421.0,3.0,48846.0,33.0,0.0
56.0,27.92,9428.0,3.0,48753.0,29.0,0.0
63.0,24.96,9449.0,3.0,48667.0,26.0,0.0
72.0,22.86,9453.0,3.0,48591.0,23.0,0.0
75.0,22.5,9465.0,3.0,48522.0,22.0,0.0
73.0,22.48,9468.0,3.0,48453.0,22.0,0.0
83.0,20.86,9484.0,3.0,48246.0,21.0,0.0
92.0,19.46,9471.0,3.0,47673.0,19.0,0.0
92.0,19.32,9463.0,3.0,47514.0,18.0,0.0
87.0,19.76,9458.0,3.0,47456.0,18.0,0.0
90.0,19.66,9462.0,3.0,47398.0,18.0,0.0
89.0,19.62,9464.0,3.0,47339.0,19.0,0.0
87.0,19.96,9469.0,3.0,47282.0,19.0,0.0
88.0,20.32,9476.0,3.0,47223.0,19.0,0.0
86.0,20.96,9477.0,3.0,47160.0,19.0,0.0
76.0,25.18,9474.0,3.0,47089.0,21.0,0.0
59.0,29.08,9476.0,3.0,46995.0,30.0,0.0
53.0,29.62,9476.0,3.0,46881.0,35.0,0.0
47.0,32.98,9471.0,3.0,46756.0,38.0,0.0
40.0,33.86,9465.0,3.0,46623.0,40.0,0.6
39.0,35.16,9458.0,3.0,46488.0,40.0,0.8
33.0,36.82,9445.0,3.0,46346.0,42.0,0.4
31.0,37.8,9435.0,3.0,46204.0,42.0,3.0
45.0,33.12,9429.0,3.0,46074.0,38.0,1.8
50.0,31.7,9430.0,3.0,45969.0,33.0,0.2
58.0,28.12,9433.0,3.0,45873.0,30.0,0.0
62.0,26.88,9447.0,3.0,45771.0,26.0,0.0
69.0,25.06,9453.0,3.0,45693.0,25.0,0.0
69.0,25.06,9457.0,3.0,45621.0,23.0,0.0
70.0,24.62,9462.0,3.0,45549.0,23.0,0.0
73.0,24.52,9461.0,3.0,45477.0,23.0,0.0
70.0,24.64,9455.0,3.0,45405.0,23.0,0.0
73.0,23.84,9450.0,3.0,45334.0,23.0,0.0
72.0,23.4,9446.0,3.0,45264.0,22.0,0.0
74.0,22.78,9447.0,3.0,45197.0,21.0,0.0
77.0,22.2,9452.0,3.0,45133.0,21.0,0.0
76.0,22.4,9459.0,3.0,45069.0,21.0,0.0
72.0,24.06,9462.0,3.0,45002.0,21.0,0.0
62.0,27.88,9462.0,3.0,44925.0,25.0,0.0
55.0,29.6,9461.0,3.0,44828.0,31.0,0.0
49.0,31.84,9463.0,3.0,44716.0,34.0,0.0
44.0,33.24,9459.0,3.0,44594.0,37.0,0.0
42.0,34.14,9453.0,3.0,44468.0,38.0,0.0
35.0,37.14,9442.0,3.0,44330.0,41.0,0.0
31.0,38.66,9432.0,3.0,44191.0,41.0,0.0
34.0,37.22,9420.0,3.0,44041.0,43.0,0.0
42.0,33.18,9417.0,3.0,43915.0,38.0,0.0
61.0,26.62,9420.0,3.0,43819.0,30.0,0.0
75.0,22.14,9438.0,3.0,43700.0,25.0,0.0
78.0,21.22,9433.0,3.0,43617.0,20.0,0.0
77.0,21.36,9436.0,3.0,43547.0,20.0,0.0
81.0,20.68,9449.0,3.0,43484.0,20.0,0.0
82.0,20.36,9452.0,3.0,43423.0,19.0,0.0
79.0,20.76,9446.0,3.0,43363.0,19.0,0.0
78.0,20.92,9438.0,3.0,43302.0,19.0,0.0
80.0,20.68,9432.0,3.0,43242.0,19.0,0.0
80.0,20.68,9426.0,3.0,43181.0,19.0,0.0
81.0,20.44,9429.0,3.0,43120.0,19.0,0.0
80.0,20.52,9437.0,3.0,43058.0,19.0,0.0
80.0,20.58,9435.0,3.0,42997.0,19.0,0.0
79.0,21.62,9436.0,3.0,42930.0,19.0,0.0
75.0,22.88,9437.0,3.0,42866.0,20.0,0.0
60.0,27.58,9444.0,3.0,42793.0,24.0,0.0
58.0,27.04,9448.0,3.0,42702.0,29.0,0.0
68.0,25.36,9467.0,3.0,42612.0,28.0,0.0
79.0,23.5,9467.0,3.0,42515.0,23.0,0.0
75.0,24.46,9462.0,3.0,42435.0,25.0,0.0
65.0,26.52,9459.0,3.0,42351.0,27.0,0.0
56.0,29.14,9451.0,3.0,42251.0,31.0,0.0
60.0,27.48,9444.0,3.0,42148.0,32.0,0.0
50.0,31.14,9433.0,3.0,42050.0,30.0,0.0
48.0,29.1,9430.0,3.0,41940.0,34.0,0.0
55.0,26.86,9434.0,3.0,41846.0,29.0,0.0
70.0,24.28,9437.0,3.0,41765.0,25.0,0.0
77.0,23.28,9436.0,3.0,41685.0,22.0,0.0
84.0,21.68,9439.0,3.0,41619.0,21.0,0.0
83.0,21.86,9444.0,3.0,41557.0,20.0,0.0
84.0,22.0,9444.0,3.0,41493.0,20.0,0.0
85.0,21.9,9440.0,3.0,41429.0,20.0,0.0
88.0,21.28,9431.0,3.0,41366.0,20.0,0.0
82.0,21.94,9426.0,3.0,41303.0,20.0,0.0
91.0,20.64,9426.0,3.0,41240.0,20.0,0.0
87.0,21.42,9426.0,3.0,41154.0,20.0,0.0
88.0,20.86,9429.0,3.0,41093.0,19.0,0.0
86.0,21.18,9434.0,3.0,41035.0,19.0,0.0
80.0,23.56,9440.0,3.0,40970.0,21.0,0.0
80.0,24.34,9444.0,3.0,40897.0,23.0,0.0
64.0,28.6,9447.0,3.0,40814.0,26.0,0.0
55.0,29.62,9449.0,3.0,40713.0,32.0,0.0
55.0,29.34,9451.0,3.0,40607.0,33.0,0.0
57.0,29.2,9446.0,3.0,40510.0,30.0,0.0
55.0,28.72,9443.0,3.0,40412.0,31.0,0.0
84.0,24.78,9435.0,3.0,40301.0,26.0,0.0
74.0,27.28,9426.0,3.0,40215.0,25.0,0.0
57.0,28.66,9417.0,3.0,40121.0,30.0,0.0
50.0,30.86,9409.0,3.0,40027.0,30.0,0.0
53.0,30.02,9411.0,3.0,39920.0,33.0,0.0
65.0,26.56,9416.0,3.0,39829.0,28.0,0.0
71.0,25.2,9419.0,3.0,39750.0,25.0,0.0
75.0,24.02,9418.0,3.0,39678.0,23.0,0.0
76.0,23.6,9430.0,3.0,39611.0,21.0,0.0
81.0,23.18,9433.0,3.0,39542.0,22.0,0.0
81.0,22.7,9425.0,3.0,39475.0,21.0,0.0
80.0,22.92,9415.0,3.0,39410.0,21.0,0.0
86.0,21.94,9421.0,3.0,39346.0,20.0,0.0
85.0,21.12,9419.0,3.0,39283.0,20.0,0.0
83.0,21.42,9418.0,3.0,39223.0,19.0,0.0
87.0,21.04,9423.0,3.0,39162.0,19.0,0.0
89.0,20.88,9426.0,3.0,39103.0,19.0,0.0
77.0,24.5,9431.0,3.0,39039.0,21.0,0.0
73.0,25.38,9439.0,3.0,38961.0,25.0,0.0
62.0,28.72,9441.0,3.0,38871.0,29.0,0.0
57.0,30.22,9440.0,3.0,38765.0,33.0,0.0
53.0,30.94,9436.0,3.0,38649.0,36.0,0.0
53.0,30.98,9432.0,3.0,38525.0,37.0,0.0
51.0,32.02,9423.0,3.0,38405.0,36.0,0.0
51.0,31.64,9412.0,3.0,38284.0,37.0,0.0
47.0,32.24,9395.0,3.0,38157.0,38.0,0.0
56.0,29.78,9380.0,3.0,38053.0,32.0,0.0
55.0,30.22,9373.0,3.0,37957.0,30.0,0.0
55.0,29.86,9382.0,3.0,37856.0,32.0,0.0
58.0,28.3,9389.0,3.0,37765.0,29.0,0.0
83.0,23.02,9400.0,3.0,37659.0,24.0,0.0
82.0,21.92,9402.0,3.0,37592.0,21.0,0.0
84.0,22.2,9400.0,3.0,37529.0,20.0,0.0
82.0,22.82,9404.0,3.0,37464.0,21.0,0.0
82.0,23.0,9410.0,3.0,37398.0,21.0,0.0
80.0,23.38,9400.0,3.0,37330.0,21.0,0.0
82.0,23.18,9392.0,3.0,37262.0,22.0,0.0
80.0,23.5,9388.0,3.0,37194.0,22.0,0.0
82.0,23.36,9390.0,3.0,37125.0,22.0,0.0
80.0,20.46,9401.0,3.0,37055.0,21.0,0.0
83.0,19.9,9407.0,3.0,36995.0,19.0,0.0
83.0,20.38,9410.0,3.0,36934.0,19.0,0.0
82.0,20.98,9426.0,3.0,36870.0,20.0,0.0
80.0,20.88,9430.0,3.0,36805.0,20.0,0.0
85.0,19.8,9431.0,3.0,36733.0,19.0,0.0
94.0,18.62,9442.0,3.0,36334.0,18.0,0.0
91.0,19.28,9444.0,3.0,35843.0,18.0,0.0
94.0,18.9,9440.0,3.0,35492.0,18.0,0.0
90.0,19.7,9420.0,3.0,35355.0,18.0,0.0
83.0,21.42,9413.0,3.0,35287.0,20.0,0.0
86.0,20.88,9412.0,3.0,35217.0,20.0,0.0
90.0,20.98,9409.0,3.0,35132.0,19.0,0.0
93.0,20.62,9408.0,3.0,35068.0,20.0,0.0
94.0,20.08,9406.0,3.0,35007.0,19.0,0.0
97.0,19.44,9415.0,3.0,34948.0,19.0,0.0
97.0,18.98,9428.0,3.0,34889.0,19.0,0.0
97.0,18.62,9441.0,3.0,34833.0,17.0,0.0
97.0,18.46,9441.0,3.0,34778.0,17.0,0.0
96.0,18.82,9428.0,3.0,34723.0,17.0,0.0
94.0,19.36,9417.0,3.0,34665.0,18.0,0.0
95.0,18.84,9423.0,3.0,34608.0,18.0,0.0
96.0,18.62,9429.0,3.0,34552.0,18.0,0.0
96.0,18.48,9433.0,3.0,34496.0,18.0,0.0
97.0,18.68,9440.0,3.0,34441.0,18.0,0.0
97.0,18.28,9445.0,3.0,34389.0,17.0,0.0
85.0,22.54,9451.0,3.0,34332.0,18.0,0.0
77.0,23.96,9456.0,3.0,34264.0,22.0,0.0
74.0,25.26,9454.0,3.0,34183.0,26.0,0.0
75.0,24.5,9458.0,3.0,34098.0,27.0,0.0
77.0,24.64,9467.0,3.0,34019.0,26.0,0.0
91.0,21.7,9464.0,3.0,33902.0,24.0,0.0
87.0,23.28,9464.0,3.0,33766.0,21.0,0.0
83.0,23.26,9460.0,3.0,33674.0,22.0,0.0
87.0,21.9,9448.0,3.0,33548.0,22.0,0.0
91.0,21.7,9442.0,3.0,33448.0,21.0,0.0
91.0,21.72,9438.0,3.0,33361.0,21.0,0.0
90.0,21.8,9444.0,3.0,33296.0,21.0,0.0
93.0,21.52,9445.0,3.0,33231.0,21.0,0.0
94.0,21.14,9453.0,3.0,33164.0,20.0,0.0
95.0,20.92,9450.0,3.0,33101.0,20.0,0.0
92.0,20.88,9452.0,3.0,33039.0,20.0,0.0
94.0,20.7,9457.0,3.0,32978.0,20.0,0.0
95.0,20.38,9452.0,3.0,32916.0,19.0,0.0
96.0,20.54,9451.0,3.0,32856.0,19.0,0.0
95.0,20.58,9443.0,3.0,32796.0,19.0,0.0
94.0,20.56,9443.0,3.0,32735.0,19.0,0.0
95.0,20.48,9445.0,3.0,32675.0,19.0,0.0
95.0,20.36,9449.0,3.0,32614.0,19.0,0.0
96.0,20.16,9455.0,3.0,32554.0,19.0,0.0
93.0,21.36,9456.0,3.0,32493.0,19.0,0.0
89.0,22.24,9465.0,3.0,32425.0,22.0,0.0
86.0,22.72,9467.0,3.0,32355.0,22.0,0.0
88.0,22.3,9468.0,3.0,32282.0,23.0,0.0
84.0,23.74,9465.0,3.0,32208.0,24.0,0.0
81.0,24.26,9467.0,3.0,32128.0,25.0,0.0
84.0,24.08,9457.0,3.0,32052.0,24.0,0.0
91.0,22.44,9457.0,3.0,31902.0,23.0,0.0
92.0,22.62,9451.0,3.0,31393.0,21.0,0.0
89.0,23.6,9445.0,3.0,31322.0,23.0,0.0
88.0,23.88,9440.0,3.0,31249.0,24.0,0.0
89.0,22.34,9441.0,3.0,31177.0,23.0,0.0
89.0,21.82,9440.0,3.0,31111.0,21.0,0.0
86.0,21.32,9441.0,3.0,31042.0,20.0,0.0
90.0,19.82,9450.0,3.0,30982.0,19.0,0.0
89.0,19.46,9456.0,3.0,30923.0,19.0,0.0
88.0,19.06,9460.0,3.0,30866.0,18.0,0.0
89.0,18.78,9455.0,3.0,30810.0,18.0,0.0
89.0,18.92,9451.0,3.0,30754.0,18.0,0.0
90.0,18.84,9445.0,3.0,30697.0,18.0,0.0
91.0,18.26,9442.0,3.0,30642.0,17.0,0.0
89.0,18.3,9438.0,3.0,30588.0,17.0,0.0
89.0,18.24,9442.0,3.0,30534.0,17.0,0.0
88.0,18.42,9447.0,3.0,30483.0,17.0,0.0
84.0,19.5,9452.0,3.0,30427.0,18.0,0.0
83.0,20.3,9458.0,3.0,30365.0,20.0,0.0
79.0,21.46,9462.0,3.0,30298.0,21.0,0.0
75.0,22.78,9460.0,3.0,30225.0,23.0,0.0
70.0,23.88,9455.0,3.0,30139.0,27.0,0.0
73.0,24.28,9452.0,3.0,30056.0,27.0,0.0
66.0,26.22,9448.0,3.0,29970.0,27.0,0.0
65.0,26.24,9442.0,3.0,29879.0,29.0,0.0
71.0,25.26,9438.0,3.0,29794.0,27.0,0.0
73.0,24.88,9428.0,3.0,29711.0,26.0,0.0
72.0,24.9,9427.0,3.0,29626.0,27.0,0.0
78.0,23.58,9430.0,3.0,29546.0,25.0,0.0
82.0,22.48,9433.0,3.0,29475.0,23.0,0.0
83.0,21.88,9441.0,3.0,29403.0,21.0,0.0
86.0,20.84,9441.0,3.0,29339.0,20.0,0.0
86.0,20.36,9444.0,3.0,29278.0,19.0,0.0
86.0,20.0,9445.0,3.0,29219.0,19.0,0.0
87.0,19.5,9443.0,3.0,29160.0,18.0,0.0
88.0,18.94,9439.0,3.0,29104.0,18.0,0.0
90.0,18.54,9436.0,3.0,29049.0,17.0,0.0
90.0,18.5,9434.0,3.0,28994.0,17.0,0.0
89.0,18.42,9435.0,3.0,28940.0,17.0,0.0
89.0,18.46,9436.0,3.0,28886.0,17.0,0.0
88.0,18.7,9441.0,3.0,28834.0,17.0,0.0
80.0,20.46,9447.0,3.0,28776.0,18.0,0.0
66.0,24.72,9448.0,3.0,28709.0,21.0,0.0
66.0,25.5,9451.0,3.0,28625.0,27.0,0.0
59.0,27.58,9449.0,3.0,28527.0,31.0,0.0
59.0,28.04,9450.0,3.0,28413.0,35.0,0.0
63.0,27.2,9449.0,3.0,28303.0,34.0,0.0
61.0,28.22,9444.0,3.0,28210.0,29.0,0.0
68.0,26.22,9438.0,3.0,28109.0,31.0,0.0
66.0,27.48,9429.0,3.0,27943.0,27.0,0.0
60.0,29.26,9424.0,3.0,27836.0,33.0,0.0
55.0,29.44,9419.0,3.0,27735.0,31.0,0.0
59.0,28.48,9420.0,3.0,27635.0,31.0,0.0
68.0,24.82,9424.0,3.0,27548.0,27.0,0.0
80.0,21.68,9428.0,3.0,27480.0,22.0,0.0
89.0,20.34,9432.0,3.0,27419.0,19.0,0.0
89.0,20.1,9439.0,3.0,27361.0,19.0,0.0
92.0,19.42,9442.0,3.0,27303.0,18.0,0.0
95.0,18.38,9439.0,3.0,27247.0,17.0,0.0
88.0,20.04,9433.0,3.0,27190.0,17.0,0.0
93.0,18.9,9431.0,3.0,27133.0,18.0,0.0
93.0,17.86,9429.0,3.0,27078.0,17.0,0.0
96.0,18.04,9432.0,3.0,27025.0,16.0,0.0
96.0,18.02,9435.0,3.0,26971.0,17.0,0.0
96.0,17.72,9442.0,3.0,26921.0,16.0,0.0
87.0,22.04,9447.0,3.0,26864.0,18.0,0.0
74.0,25.82,9450.0,3.0,26793.0,23.0,0.0
68.0,26.76,9451.0,3.0,26711.0,26.0,0.0
59.0,28.5,9452.0,3.0,26620.0,28.0,0.0
53.0,30.24,9448.0,3.0,26500.0,37.0,0.0
43.0,32.6,9443.0,3.0,26377.0,37.0,0.0
37.0,33.82,9438.0,3.0,26253.0,38.0,0.0
39.0,33.28,9432.0,3.0,26122.0,39.0,0.0
35.0,32.3,9426.0,3.0,25998.0,38.0,0.0
35.0,32.4,9418.0,3.0,25874.0,37.0,0.0
36.0,31.76,9416.0,3.0,25758.0,35.0,0.0
37.0,30.94,9414.0,3.0,25650.0,33.0,0.0
60.0,25.74,9417.0,3.0,25557.0,29.0,0.0
70.0,22.96,9422.0,3.0,25486.0,22.0,0.0
79.0,21.48,9427.0,3.0,25423.0,20.0,0.0
79.0,21.4,9434.0,3.0,25361.0,20.0,0.0
71.0,21.66,9436.0,3.0,25299.0,19.0,0.0
77.0,20.56,9434.0,3.0,25238.0,19.0,0.0
80.0,19.64,9431.0,3.0,25180.0,18.0,0.0
88.0,18.32,9427.0,3.0,25125.0,17.0,0.0
80.0,18.9,9421.0,3.0,25071.0,17.0,0.0
78.0,18.66,9422.0,3.0,25016.0,17.0,0.0
76.0,18.38,9426.0,3.0,24962.0,17.0,0.0
84.0,17.94,9435.0,3.0,24911.0,17.0,0.0
62.0,25.46,9441.0,3.0,24854.0,18.0,0.0
48.0,28.42,9445.0,3.0,24775.0,25.0,0.0
52.0,28.66,9447.0,3.0,24677.0,31.0,0.0
50.0,31.34,9449.0,3.0,24567.0,34.0,0.0
43.0,32.92,9446.0,3.0,24440.0,38.0,0.0
35.0,34.2,9442.0,3.0,24303.0,41.0,0.0
32.0,34.9,9436.0,3.0,24163.0,41.0,0.0
34.0,32.36,9428.0,3.0,24025.0,41.0,0.0
38.0,31.86,9419.0,3.0,23903.0,37.0,0.0
53.0,28.98,9413.0,3.0,23796.0,31.0,0.0
49.0,28.84,9405.0,3.0,23701.0,29.0,5.6
38.0,31.42,9405.0,3.0,23598.0,32.0,0.6
47.0,27.24,9407.0,3.0,23502.0,30.0,0.0
51.0,24.26,9415.0,3.0,23426.0,24.0,0.0
55.0,24.16,9423.0,3.0,23358.0,22.0,0.0
66.0,21.58,9428.0,3.0,23292.0,21.0,0.0
66.0,21.68,9433.0,3.0,23229.0,20.0,0.0
75.0,20.28,9432.0,3.0,23167.0,19.0,0.0
74.0,20.48,9427.0,3.0,23108.0,19.0,0.0
81.0,19.16,9425.0,3.0,23052.0,18.0,0.0
73.0,19.8,9423.0,3.0,22999.0,16.0,0.0
75.0,19.9,9422.0,3.0,22944.0,17.0,0.0
76.0,19.44,9422.0,3.0,22888.0,18.0,0.0
78.0,19.28,9426.0,3.0,22835.0,17.0,0.0
63.0,23.36,9432.0,3.0,22775.0,19.0,0.0
57.0,25.88,9437.0,3.0,22699.0,24.0,0.0
55.0,27.34,9440.0,3.0,22607.0,29.0,0.0
49.0,29.38,9439.0,3.0,22503.0,33.0,0.0
47.0,31.04,9439.0,3.0,22387.0,35.0,0.0
44.0,32.56,9436.0,3.0,22260.0,38.0,0.0
39.0,34.6,9429.0,3.0,22128.0,39.0,0.0
35.0,34.38,9421.0,3.0,21997.0,39.0,0.0
29.0,35.78,9411.0,3.0,21853.0,42.0,0.0
30.0,35.7,9402.0,3.0,21716.0,40.0,0.0
36.0,32.88,9394.0,3.0,21588.0,38.0,0.0
36.0,33.78,9390.0,3.0,21472.0,35.0,0.0
47.0,29.4,9395.0,3.0,21370.0,31.0,0.0
59.0,25.2,9405.0,3.0,21288.0,26.0,0.0
61.0,23.62,9411.0,3.0,21218.0,22.0,0.0
60.0,23.34,9418.0,3.0,21153.0,21.0,0.0
71.0,22.04,9419.0,3.0,21088.0,21.0,0.0
60.0,22.96,9416.0,3.0,21025.0,20.0,0.0
75.0,20.06,9412.0,3.0,20962.0,20.0,0.0
69.0,22.14,9409.0,3.0,20902.0,19.0,0.0
73.0,21.16,9409.0,3.0,20840.0,20.0,0.0
78.0,20.16,9412.0,3.0,20780.0,19.0,0.0
80.0,19.48,9416.0,3.0,20723.0,18.0,0.0
82.0,19.48,9422.0,3.0,20669.0,17.0,0.0
69.0,24.0,9429.0,3.0,20606.0,19.0,0.0
63.0,25.44,9436.0,3.0,20529.0,25.0,0.4
60.0,27.16,9439.0,3.0,20442.0,28.0,0.0
56.0,29.06,9440.0,3.0,20344.0,30.0,0.8
